sample,label
0.jpeg,47
1.jpeg,86
2.jpeg,66
3.jpeg,71
4.jpeg,36
5.jpeg,27
6.jpeg,22
7.jpeg,90
8.jpeg,31
9.jpeg,35
10.jpeg,3
11.jpeg,52
12.jpeg,78
13.jpeg,81
14.jpeg,28
15.jpeg,84
16.jpeg,10
17.jpeg,50
18.jpeg,32
19.jpeg,46
20.jpeg,99
21.jpeg,14
22.jpeg,41
23.jpeg,31
24.jpeg,79
25.jpeg,69
26.jpeg,61
27.jpeg,69
28.jpeg,1
29.jpeg,95
30.jpeg,55
31.jpeg,98
32.jpeg,37
33.jpeg,62
34.jpeg,47
35.jpeg,26
36.jpeg,83
37.jpeg,51
38.jpeg,41
39.jpeg,31
40.jpeg,18
41.jpeg,40
42.jpeg,5
43.jpeg,23
44.jpeg,79
45.jpeg,49
46.jpeg,34
47.jpeg,38
48.jpeg,70
49.jpeg,98
50.jpeg,76
51.jpeg,93
52.jpeg,46
53.jpeg,38
54.jpeg,18
55.jpeg,32
56.jpeg,90
57.jpeg,85
58.jpeg,66
59.jpeg,54
60.jpeg,16
61.jpeg,98
62.jpeg,17
63.jpeg,47
64.jpeg,59
65.jpeg,38
66.jpeg,16
67.jpeg,21
68.jpeg,63
69.jpeg,74
70.jpeg,27
71.jpeg,59
72.jpeg,49
73.jpeg,5
74.jpeg,61
75.jpeg,65
76.jpeg,37
77.jpeg,57
78.jpeg,3
79.jpeg,1
80.jpeg,6
81.jpeg,48
82.jpeg,91
83.jpeg,23
84.jpeg,65
85.jpeg,0
86.jpeg,63
87.jpeg,9
88.jpeg,33
89.jpeg,19
90.jpeg,62
91.jpeg,0
92.jpeg,31
93.jpeg,92
94.jpeg,86
95.jpeg,2
96.jpeg,18
97.jpeg,66
98.jpeg,5
99.jpeg,45
100.jpeg,18
101.jpeg,59
102.jpeg,90
103.jpeg,48
104.jpeg,58
105.jpeg,67
106.jpeg,86
107.jpeg,5
108.jpeg,63
109.jpeg,9
110.jpeg,1
111.jpeg,29
112.jpeg,57
113.jpeg,83
114.jpeg,9
115.jpeg,34
116.jpeg,70
117.jpeg,44
118.jpeg,33
119.jpeg,95
120.jpeg,24
121.jpeg,56
122.jpeg,7
123.jpeg,52
124.jpeg,22
125.jpeg,99
126.jpeg,43
127.jpeg,51
128.jpeg,51
129.jpeg,36
130.jpeg,35
131.jpeg,32
132.jpeg,8
133.jpeg,5
134.jpeg,16
135.jpeg,21
136.jpeg,93
137.jpeg,82
138.jpeg,37
139.jpeg,14
140.jpeg,55
141.jpeg,37
142.jpeg,54
143.jpeg,2
144.jpeg,33
145.jpeg,19
146.jpeg,10
147.jpeg,6
148.jpeg,49
149.jpeg,32
150.jpeg,1
151.jpeg,16
152.jpeg,98
153.jpeg,12
154.jpeg,35
155.jpeg,71
156.jpeg,11
157.jpeg,39
158.jpeg,17
159.jpeg,44
160.jpeg,39
161.jpeg,32
162.jpeg,16
163.jpeg,21
164.jpeg,64
165.jpeg,87
166.jpeg,60
167.jpeg,36
168.jpeg,43
169.jpeg,40
170.jpeg,39
171.jpeg,20
172.jpeg,29
173.jpeg,74
174.jpeg,22
175.jpeg,58
176.jpeg,1
177.jpeg,15
178.jpeg,16
179.jpeg,15
180.jpeg,83
181.jpeg,19
182.jpeg,41
183.jpeg,3
184.jpeg,0
185.jpeg,0
186.jpeg,53
187.jpeg,68
188.jpeg,46
189.jpeg,46
190.jpeg,58
191.jpeg,81
192.jpeg,28
193.jpeg,24
194.jpeg,88
195.jpeg,53
196.jpeg,84
197.jpeg,90
198.jpeg,54
199.jpeg,68
200.jpeg,79
201.jpeg,90
202.jpeg,34
203.jpeg,42
204.jpeg,47
205.jpeg,58
206.jpeg,71
207.jpeg,31
208.jpeg,98
209.jpeg,65
210.jpeg,47
211.jpeg,0
212.jpeg,35
213.jpeg,61
214.jpeg,45
215.jpeg,75
216.jpeg,98
217.jpeg,11
218.jpeg,63
219.jpeg,97
220.jpeg,46
221.jpeg,40
222.jpeg,70
223.jpeg,56
224.jpeg,43
225.jpeg,42
226.jpeg,41
227.jpeg,37
228.jpeg,24
229.jpeg,76
230.jpeg,28
231.jpeg,12
232.jpeg,86
233.jpeg,34
234.jpeg,85
235.jpeg,74
236.jpeg,56
237.jpeg,22
238.jpeg,23
239.jpeg,94
240.jpeg,27
241.jpeg,11
242.jpeg,2
243.jpeg,87
244.jpeg,91
245.jpeg,66
246.jpeg,71
247.jpeg,0
248.jpeg,38
249.jpeg,86
250.jpeg,13
251.jpeg,41
252.jpeg,33
253.jpeg,86
254.jpeg,68
255.jpeg,7
256.jpeg,20
257.jpeg,30
258.jpeg,82
259.jpeg,80
260.jpeg,28
261.jpeg,16
262.jpeg,70
263.jpeg,32
264.jpeg,75
265.jpeg,38
266.jpeg,23
267.jpeg,90
268.jpeg,15
269.jpeg,65
270.jpeg,55
271.jpeg,90
272.jpeg,37
273.jpeg,95
274.jpeg,77
275.jpeg,1
276.jpeg,82
277.jpeg,17
278.jpeg,32
279.jpeg,40
280.jpeg,71
281.jpeg,45
282.jpeg,49
283.jpeg,23
284.jpeg,90
285.jpeg,90
286.jpeg,19
287.jpeg,7
288.jpeg,39
289.jpeg,66
290.jpeg,98
291.jpeg,90
292.jpeg,39
293.jpeg,74
294.jpeg,70
295.jpeg,62
296.jpeg,25
297.jpeg,57
298.jpeg,89
299.jpeg,72
300.jpeg,75
301.jpeg,83
302.jpeg,43
303.jpeg,44
304.jpeg,64
305.jpeg,25
306.jpeg,53
307.jpeg,36
308.jpeg,81
309.jpeg,15
310.jpeg,8
311.jpeg,17
312.jpeg,84
313.jpeg,70
314.jpeg,62
315.jpeg,62
316.jpeg,53
317.jpeg,30
318.jpeg,73
319.jpeg,86
320.jpeg,25
321.jpeg,18
322.jpeg,78
323.jpeg,34
324.jpeg,34
325.jpeg,25
326.jpeg,8
327.jpeg,87
328.jpeg,53
329.jpeg,87
330.jpeg,36
331.jpeg,46
332.jpeg,0
333.jpeg,58
334.jpeg,81
335.jpeg,79
336.jpeg,24
337.jpeg,20
338.jpeg,29
339.jpeg,50
340.jpeg,65
341.jpeg,82
342.jpeg,37
343.jpeg,98
344.jpeg,34
345.jpeg,84
346.jpeg,92
347.jpeg,29
348.jpeg,62
349.jpeg,8
350.jpeg,53
351.jpeg,60
352.jpeg,29
353.jpeg,17
354.jpeg,39
355.jpeg,38
356.jpeg,82
357.jpeg,34
358.jpeg,12
359.jpeg,37
360.jpeg,5
361.jpeg,79
362.jpeg,36
363.jpeg,42
364.jpeg,34
365.jpeg,53
366.jpeg,67
367.jpeg,88
368.jpeg,76
369.jpeg,27
370.jpeg,18
371.jpeg,87
372.jpeg,69
373.jpeg,14
374.jpeg,24
375.jpeg,5
376.jpeg,8
377.jpeg,77
378.jpeg,47
379.jpeg,56
380.jpeg,35
381.jpeg,84
382.jpeg,1
383.jpeg,81
384.jpeg,47
385.jpeg,19
386.jpeg,4
387.jpeg,85
388.jpeg,95
389.jpeg,17
390.jpeg,2
391.jpeg,63
392.jpeg,3
393.jpeg,18
394.jpeg,53
395.jpeg,1
396.jpeg,98
397.jpeg,29
398.jpeg,49
399.jpeg,61
400.jpeg,31
401.jpeg,58
402.jpeg,68
403.jpeg,35
404.jpeg,48
405.jpeg,21
406.jpeg,91
407.jpeg,3
408.jpeg,15
409.jpeg,2
410.jpeg,84
411.jpeg,27
412.jpeg,45
413.jpeg,56
414.jpeg,59
415.jpeg,77
416.jpeg,97
417.jpeg,32
418.jpeg,41
419.jpeg,91
420.jpeg,41
421.jpeg,8
422.jpeg,5
423.jpeg,54
424.jpeg,6
425.jpeg,28
426.jpeg,91
427.jpeg,72
428.jpeg,41
429.jpeg,50
430.jpeg,17
431.jpeg,16
432.jpeg,47
433.jpeg,31
434.jpeg,56
435.jpeg,66
436.jpeg,56
437.jpeg,82
438.jpeg,41
439.jpeg,68
440.jpeg,62
441.jpeg,19
442.jpeg,81
443.jpeg,58
444.jpeg,35
445.jpeg,22
446.jpeg,29
447.jpeg,85
448.jpeg,4
449.jpeg,1
450.jpeg,60
451.jpeg,92
452.jpeg,34
453.jpeg,7
454.jpeg,86
455.jpeg,27
456.jpeg,79
457.jpeg,85
458.jpeg,81
459.jpeg,81
460.jpeg,60
461.jpeg,93
462.jpeg,61
463.jpeg,32
464.jpeg,61
465.jpeg,91
466.jpeg,1
467.jpeg,32
468.jpeg,50
469.jpeg,87
470.jpeg,60
471.jpeg,93
472.jpeg,18
473.jpeg,45
474.jpeg,10
475.jpeg,41
476.jpeg,34
477.jpeg,83
478.jpeg,21
479.jpeg,41
480.jpeg,51
481.jpeg,49
482.jpeg,46
483.jpeg,71
484.jpeg,47
485.jpeg,12
486.jpeg,34
487.jpeg,68
488.jpeg,74
489.jpeg,98
490.jpeg,6
491.jpeg,74
492.jpeg,58
493.jpeg,79
494.jpeg,65
495.jpeg,58
496.jpeg,3
497.jpeg,99
498.jpeg,7
499.jpeg,77
500.jpeg,55
501.jpeg,61
502.jpeg,86
503.jpeg,88
504.jpeg,72
505.jpeg,83
506.jpeg,80
507.jpeg,67
508.jpeg,21
509.jpeg,76
510.jpeg,39
511.jpeg,89
512.jpeg,97
513.jpeg,72
514.jpeg,61
515.jpeg,71
516.jpeg,99
517.jpeg,7
518.jpeg,0
519.jpeg,5
520.jpeg,1
521.jpeg,4
522.jpeg,97
523.jpeg,76
524.jpeg,80
525.jpeg,89
526.jpeg,57
527.jpeg,16
528.jpeg,16
529.jpeg,97
530.jpeg,51
531.jpeg,81
532.jpeg,68
533.jpeg,88
534.jpeg,0
535.jpeg,37
536.jpeg,61
537.jpeg,36
538.jpeg,61
539.jpeg,27
540.jpeg,20
541.jpeg,71
542.jpeg,55
543.jpeg,98
544.jpeg,43
545.jpeg,30
546.jpeg,92
547.jpeg,49
548.jpeg,51
549.jpeg,67
550.jpeg,41
551.jpeg,42
552.jpeg,92
553.jpeg,5
554.jpeg,58
555.jpeg,76
556.jpeg,0
557.jpeg,48
558.jpeg,42
559.jpeg,44
560.jpeg,54
561.jpeg,98
562.jpeg,94
563.jpeg,15
564.jpeg,16
565.jpeg,40
566.jpeg,80
567.jpeg,52
568.jpeg,55
569.jpeg,64
570.jpeg,61
571.jpeg,37
572.jpeg,84
573.jpeg,31
574.jpeg,81
575.jpeg,20
576.jpeg,34
577.jpeg,41
578.jpeg,63
579.jpeg,88
580.jpeg,23
581.jpeg,94
582.jpeg,28
583.jpeg,25
584.jpeg,87
585.jpeg,78
586.jpeg,59
587.jpeg,42
588.jpeg,96
589.jpeg,12
590.jpeg,73
591.jpeg,43
592.jpeg,20
593.jpeg,57
594.jpeg,25
595.jpeg,56
596.jpeg,80
597.jpeg,5
598.jpeg,8
599.jpeg,12
600.jpeg,62
601.jpeg,66
602.jpeg,27
603.jpeg,4
604.jpeg,6
605.jpeg,18
606.jpeg,72
607.jpeg,9
608.jpeg,16
609.jpeg,26
610.jpeg,9
611.jpeg,57
612.jpeg,80
613.jpeg,43
614.jpeg,51
615.jpeg,75
616.jpeg,41
617.jpeg,3
618.jpeg,86
619.jpeg,41
620.jpeg,53
621.jpeg,12
622.jpeg,1
623.jpeg,62
624.jpeg,90
625.jpeg,1
626.jpeg,34
627.jpeg,27
628.jpeg,42
629.jpeg,37
630.jpeg,91
631.jpeg,62
632.jpeg,50
633.jpeg,10
634.jpeg,43
635.jpeg,40
636.jpeg,49
637.jpeg,77
638.jpeg,63
639.jpeg,74
640.jpeg,91
641.jpeg,12
642.jpeg,98
643.jpeg,57
644.jpeg,1
645.jpeg,28
646.jpeg,81
647.jpeg,34
648.jpeg,76
649.jpeg,24
650.jpeg,74
651.jpeg,36
652.jpeg,58
653.jpeg,4
654.jpeg,49
655.jpeg,47
656.jpeg,57
657.jpeg,42
658.jpeg,3
659.jpeg,0
660.jpeg,85
661.jpeg,25
662.jpeg,51
663.jpeg,71
664.jpeg,63
665.jpeg,98
666.jpeg,64
667.jpeg,27
668.jpeg,2
669.jpeg,15
670.jpeg,82
671.jpeg,71
672.jpeg,82
673.jpeg,25
674.jpeg,77
675.jpeg,46
676.jpeg,91
677.jpeg,5
678.jpeg,98
679.jpeg,22
680.jpeg,54
681.jpeg,5
682.jpeg,17
683.jpeg,20
684.jpeg,11
685.jpeg,69
686.jpeg,93
687.jpeg,63
688.jpeg,19
689.jpeg,72
690.jpeg,71
691.jpeg,3
692.jpeg,26
693.jpeg,24
694.jpeg,79
695.jpeg,54
696.jpeg,4
697.jpeg,60
698.jpeg,48
699.jpeg,4
700.jpeg,59
701.jpeg,63
702.jpeg,35
703.jpeg,5
704.jpeg,32
705.jpeg,32
706.jpeg,42
707.jpeg,87
708.jpeg,2
709.jpeg,70
710.jpeg,69
711.jpeg,48
712.jpeg,61
713.jpeg,64
714.jpeg,47
715.jpeg,91
716.jpeg,47
717.jpeg,31
718.jpeg,14
719.jpeg,88
720.jpeg,33
721.jpeg,26
722.jpeg,60
723.jpeg,19
724.jpeg,92
725.jpeg,4
726.jpeg,31
727.jpeg,88
728.jpeg,36
729.jpeg,55
730.jpeg,70
731.jpeg,56
732.jpeg,48
733.jpeg,87
734.jpeg,40
735.jpeg,92
736.jpeg,95
737.jpeg,31
738.jpeg,96
739.jpeg,34
740.jpeg,55
741.jpeg,44
742.jpeg,85
743.jpeg,19
744.jpeg,54
745.jpeg,35
746.jpeg,97
747.jpeg,79
748.jpeg,34
749.jpeg,60
750.jpeg,51
751.jpeg,9
752.jpeg,15
753.jpeg,58
754.jpeg,55
755.jpeg,32
756.jpeg,44
757.jpeg,80
758.jpeg,61
759.jpeg,28
760.jpeg,19
761.jpeg,87
762.jpeg,62
763.jpeg,45
764.jpeg,17
765.jpeg,28
766.jpeg,14
767.jpeg,34
768.jpeg,15
769.jpeg,92
770.jpeg,58
771.jpeg,18
772.jpeg,17
773.jpeg,33
774.jpeg,63
775.jpeg,53
776.jpeg,38
777.jpeg,32
778.jpeg,79
779.jpeg,98
780.jpeg,59
781.jpeg,87
782.jpeg,71
783.jpeg,3
784.jpeg,40
785.jpeg,84
786.jpeg,74
787.jpeg,74
788.jpeg,5
789.jpeg,94
790.jpeg,34
791.jpeg,23
792.jpeg,95
793.jpeg,52
794.jpeg,69
795.jpeg,19
796.jpeg,70
797.jpeg,87
798.jpeg,82
799.jpeg,7
800.jpeg,18
801.jpeg,0
802.jpeg,41
803.jpeg,2
804.jpeg,30
805.jpeg,92
806.jpeg,22
807.jpeg,3
808.jpeg,98
809.jpeg,80
810.jpeg,51
811.jpeg,49
812.jpeg,78
813.jpeg,10
814.jpeg,38
815.jpeg,86
816.jpeg,72
817.jpeg,77
818.jpeg,2
819.jpeg,1
820.jpeg,35
821.jpeg,8
822.jpeg,12
823.jpeg,84
824.jpeg,94
825.jpeg,21
826.jpeg,54
827.jpeg,5
828.jpeg,44
829.jpeg,12
830.jpeg,2
831.jpeg,37
832.jpeg,75
833.jpeg,19
834.jpeg,92
835.jpeg,25
836.jpeg,98
837.jpeg,8
838.jpeg,96
839.jpeg,57
840.jpeg,88
841.jpeg,20
842.jpeg,35
843.jpeg,8
844.jpeg,47
845.jpeg,2
846.jpeg,0
847.jpeg,75
848.jpeg,24
849.jpeg,98
850.jpeg,86
851.jpeg,23
852.jpeg,34
853.jpeg,33
854.jpeg,40
855.jpeg,90
856.jpeg,72
857.jpeg,47
858.jpeg,88
859.jpeg,70
860.jpeg,77
861.jpeg,36
862.jpeg,34
863.jpeg,31
864.jpeg,18
865.jpeg,79
866.jpeg,54
867.jpeg,41
868.jpeg,36
869.jpeg,84
870.jpeg,64
871.jpeg,47
872.jpeg,55
873.jpeg,77
874.jpeg,8
875.jpeg,70
876.jpeg,82
877.jpeg,5
878.jpeg,27
879.jpeg,44
880.jpeg,16
881.jpeg,10
882.jpeg,60
883.jpeg,81
884.jpeg,38
885.jpeg,7
886.jpeg,24
887.jpeg,20
888.jpeg,74
889.jpeg,24
890.jpeg,0
891.jpeg,39
892.jpeg,1
893.jpeg,22
894.jpeg,7
895.jpeg,96
896.jpeg,25
897.jpeg,15
898.jpeg,54
899.jpeg,5
900.jpeg,12
901.jpeg,0
902.jpeg,99
903.jpeg,68
904.jpeg,3
905.jpeg,31
906.jpeg,52
907.jpeg,66
908.jpeg,7
909.jpeg,75
910.jpeg,68
911.jpeg,42
912.jpeg,20
913.jpeg,25
914.jpeg,94
915.jpeg,42
916.jpeg,46
917.jpeg,47
918.jpeg,24
919.jpeg,70
920.jpeg,0
921.jpeg,23
922.jpeg,85
923.jpeg,9
924.jpeg,58
925.jpeg,32
926.jpeg,74
927.jpeg,77
928.jpeg,58
929.jpeg,35
930.jpeg,76
931.jpeg,42
932.jpeg,9
933.jpeg,18
934.jpeg,79
935.jpeg,42
936.jpeg,51
937.jpeg,0
938.jpeg,31
939.jpeg,34
940.jpeg,56
941.jpeg,87
942.jpeg,1
943.jpeg,87
944.jpeg,53
945.jpeg,73
946.jpeg,44
947.jpeg,65
948.jpeg,60
949.jpeg,46
950.jpeg,98
951.jpeg,12
952.jpeg,87
953.jpeg,87
954.jpeg,62
955.jpeg,90
956.jpeg,79
957.jpeg,11
958.jpeg,79
959.jpeg,1
960.jpeg,85
961.jpeg,31
962.jpeg,51
963.jpeg,61
964.jpeg,49
965.jpeg,27
966.jpeg,82
967.jpeg,99
968.jpeg,28
969.jpeg,3
970.jpeg,50
971.jpeg,38
972.jpeg,81
973.jpeg,4
974.jpeg,71
975.jpeg,23
976.jpeg,0
977.jpeg,58
978.jpeg,22
979.jpeg,67
980.jpeg,11
981.jpeg,1
982.jpeg,23
983.jpeg,3
984.jpeg,15
985.jpeg,3
986.jpeg,56
987.jpeg,97
988.jpeg,91
989.jpeg,86
990.jpeg,97
991.jpeg,73
992.jpeg,98
993.jpeg,35
994.jpeg,14
995.jpeg,5
996.jpeg,21
997.jpeg,11
998.jpeg,28
999.jpeg,83
1000.jpeg,56
1001.jpeg,25
1002.jpeg,47
1003.jpeg,40
1004.jpeg,82
1005.jpeg,30
1006.jpeg,42
1007.jpeg,91
1008.jpeg,32
1009.jpeg,9
1010.jpeg,3
1011.jpeg,77
1012.jpeg,36
1013.jpeg,8
1014.jpeg,88
1015.jpeg,41
1016.jpeg,35
1017.jpeg,16
1018.jpeg,65
1019.jpeg,64
1020.jpeg,99
1021.jpeg,41
1022.jpeg,46
1023.jpeg,98
1024.jpeg,14
1025.jpeg,61
1026.jpeg,77
1027.jpeg,32
1028.jpeg,65
1029.jpeg,34
1030.jpeg,19
1031.jpeg,77
1032.jpeg,5
1033.jpeg,94
1034.jpeg,51
1035.jpeg,78
1036.jpeg,91
1037.jpeg,49
1038.jpeg,17
1039.jpeg,0
1040.jpeg,61
1041.jpeg,62
1042.jpeg,32
1043.jpeg,45
1044.jpeg,0
1045.jpeg,47
1046.jpeg,84
1047.jpeg,74
1048.jpeg,74
1049.jpeg,65
1050.jpeg,56
1051.jpeg,35
1052.jpeg,1
1053.jpeg,24
1054.jpeg,21
1055.jpeg,16
1056.jpeg,2
1057.jpeg,27
1058.jpeg,78
1059.jpeg,32
1060.jpeg,82
1061.jpeg,32
1062.jpeg,15
1063.jpeg,6
1064.jpeg,41
1065.jpeg,52
1066.jpeg,7
1067.jpeg,33
1068.jpeg,96
1069.jpeg,19
1070.jpeg,56
1071.jpeg,44
1072.jpeg,63
1073.jpeg,41
1074.jpeg,42
1075.jpeg,14
1076.jpeg,13
1077.jpeg,35
1078.jpeg,45
1079.jpeg,14
1080.jpeg,35
1081.jpeg,28
1082.jpeg,22
1083.jpeg,65
1084.jpeg,9
1085.jpeg,34
1086.jpeg,27
1087.jpeg,44
1088.jpeg,38
1089.jpeg,16
1090.jpeg,8
1091.jpeg,57
1092.jpeg,34
1093.jpeg,43
1094.jpeg,98
1095.jpeg,63
1096.jpeg,98
1097.jpeg,84
1098.jpeg,46
1099.jpeg,8
1100.jpeg,55
1101.jpeg,35
1102.jpeg,94
1103.jpeg,55
1104.jpeg,69
1105.jpeg,12
1106.jpeg,60
1107.jpeg,22
1108.jpeg,0
1109.jpeg,31
1110.jpeg,81
1111.jpeg,6
1112.jpeg,86
1113.jpeg,29
1114.jpeg,6
1115.jpeg,88
1116.jpeg,97
1117.jpeg,68
1118.jpeg,40
1119.jpeg,5
1120.jpeg,81
1121.jpeg,49
1122.jpeg,72
1123.jpeg,26
1124.jpeg,22
1125.jpeg,90
1126.jpeg,34
1127.jpeg,24
1128.jpeg,62
1129.jpeg,82
1130.jpeg,11
1131.jpeg,26
1132.jpeg,85
1133.jpeg,61
1134.jpeg,47
1135.jpeg,86
1136.jpeg,49
1137.jpeg,60
1138.jpeg,68
1139.jpeg,12
1140.jpeg,45
1141.jpeg,47
1142.jpeg,6
1143.jpeg,32
1144.jpeg,98
1145.jpeg,1
1146.jpeg,36
1147.jpeg,95
1148.jpeg,45
1149.jpeg,28
1150.jpeg,53
1151.jpeg,88
1152.jpeg,94
1153.jpeg,14
1154.jpeg,34
1155.jpeg,3
1156.jpeg,50
1157.jpeg,28
1158.jpeg,16
1159.jpeg,49
1160.jpeg,51
1161.jpeg,80
1162.jpeg,53
1163.jpeg,94
1164.jpeg,5
1165.jpeg,12
1166.jpeg,14
1167.jpeg,58
1168.jpeg,46
1169.jpeg,64
1170.jpeg,28
1171.jpeg,73
1172.jpeg,62
1173.jpeg,91
1174.jpeg,97
1175.jpeg,35
1176.jpeg,41
1177.jpeg,46
1178.jpeg,75
1179.jpeg,54
1180.jpeg,32
1181.jpeg,92
1182.jpeg,32
1183.jpeg,12
1184.jpeg,34
1185.jpeg,65
1186.jpeg,60
1187.jpeg,2
1188.jpeg,28
1189.jpeg,3
1190.jpeg,29
1191.jpeg,42
1192.jpeg,31
1193.jpeg,63
1194.jpeg,9
1195.jpeg,94
1196.jpeg,82
1197.jpeg,28
1198.jpeg,9
1199.jpeg,18
1200.jpeg,31
1201.jpeg,12
1202.jpeg,48
1203.jpeg,12
1204.jpeg,94
1205.jpeg,65
1206.jpeg,32
1207.jpeg,16
1208.jpeg,32
1209.jpeg,54
1210.jpeg,77
1211.jpeg,40
1212.jpeg,16
1213.jpeg,95
1214.jpeg,45
1215.jpeg,12
1216.jpeg,2
1217.jpeg,20
1218.jpeg,5
1219.jpeg,98
1220.jpeg,35
1221.jpeg,34
1222.jpeg,2
1223.jpeg,66
1224.jpeg,81
1225.jpeg,10
1226.jpeg,14
1227.jpeg,7
1228.jpeg,99
1229.jpeg,70
1230.jpeg,80
1231.jpeg,9
1232.jpeg,12
1233.jpeg,34
1234.jpeg,81
1235.jpeg,48
1236.jpeg,50
1237.jpeg,5
1238.jpeg,75
1239.jpeg,17
1240.jpeg,70
1241.jpeg,52
1242.jpeg,80
1243.jpeg,86
1244.jpeg,37
1245.jpeg,26
1246.jpeg,73
1247.jpeg,10
1248.jpeg,37
1249.jpeg,40
1250.jpeg,11
1251.jpeg,44
1252.jpeg,7
1253.jpeg,41
1254.jpeg,22
1255.jpeg,16
1256.jpeg,42
1257.jpeg,42
1258.jpeg,37
1259.jpeg,41
1260.jpeg,70
1261.jpeg,95
1262.jpeg,12
1263.jpeg,74
1264.jpeg,56
1265.jpeg,87
1266.jpeg,9
1267.jpeg,20
1268.jpeg,91
1269.jpeg,58
1270.jpeg,38
1271.jpeg,10
1272.jpeg,47
1273.jpeg,54
1274.jpeg,41
1275.jpeg,40
1276.jpeg,12
1277.jpeg,99
1278.jpeg,59
1279.jpeg,61
1280.jpeg,56
1281.jpeg,52
1282.jpeg,16
1283.jpeg,32
1284.jpeg,51
1285.jpeg,25
1286.jpeg,77
1287.jpeg,40
1288.jpeg,98
1289.jpeg,80
1290.jpeg,84
1291.jpeg,87
1292.jpeg,79
1293.jpeg,38
1294.jpeg,90
1295.jpeg,65
1296.jpeg,40
1297.jpeg,17
1298.jpeg,16
1299.jpeg,2
1300.jpeg,86
1301.jpeg,46
1302.jpeg,21
1303.jpeg,29
1304.jpeg,8
1305.jpeg,43
1306.jpeg,66
1307.jpeg,86
1308.jpeg,12
1309.jpeg,25
1310.jpeg,77
1311.jpeg,50
1312.jpeg,77
1313.jpeg,57
1314.jpeg,36
1315.jpeg,22
1316.jpeg,33
1317.jpeg,28
1318.jpeg,29
1319.jpeg,77
1320.jpeg,62
1321.jpeg,26
1322.jpeg,48
1323.jpeg,89
1324.jpeg,51
1325.jpeg,74
1326.jpeg,1
1327.jpeg,57
1328.jpeg,3
1329.jpeg,35
1330.jpeg,42
1331.jpeg,82
1332.jpeg,91
1333.jpeg,6
1334.jpeg,74
1335.jpeg,48
1336.jpeg,29
1337.jpeg,98
1338.jpeg,51
1339.jpeg,33
1340.jpeg,92
1341.jpeg,19
1342.jpeg,82
1343.jpeg,1
1344.jpeg,10
1345.jpeg,98
1346.jpeg,74
1347.jpeg,23
1348.jpeg,20
1349.jpeg,48
1350.jpeg,16
1351.jpeg,35
1352.jpeg,71
1353.jpeg,72
1354.jpeg,66
1355.jpeg,12
1356.jpeg,50
1357.jpeg,65
1358.jpeg,90
1359.jpeg,84
1360.jpeg,84
1361.jpeg,75
1362.jpeg,47
1363.jpeg,81
1364.jpeg,8
1365.jpeg,85
1366.jpeg,58
1367.jpeg,34
1368.jpeg,3
1369.jpeg,6
1370.jpeg,92
1371.jpeg,71
1372.jpeg,17
1373.jpeg,76
1374.jpeg,43
1375.jpeg,45
1376.jpeg,41
1377.jpeg,22
1378.jpeg,86
1379.jpeg,42
1380.jpeg,28
1381.jpeg,9
1382.jpeg,0
1383.jpeg,54
1384.jpeg,79
1385.jpeg,36
1386.jpeg,6
1387.jpeg,40
1388.jpeg,39
1389.jpeg,28
1390.jpeg,91
1391.jpeg,28
1392.jpeg,58
1393.jpeg,21
1394.jpeg,12
1395.jpeg,9
1396.jpeg,22
1397.jpeg,94
1398.jpeg,99
1399.jpeg,11
1400.jpeg,49
1401.jpeg,61
1402.jpeg,47
1403.jpeg,84
1404.jpeg,70
1405.jpeg,22
1406.jpeg,22
1407.jpeg,55
1408.jpeg,28
1409.jpeg,12
1410.jpeg,57
1411.jpeg,14
1412.jpeg,23
1413.jpeg,98
1414.jpeg,98
1415.jpeg,84
1416.jpeg,88
1417.jpeg,82
1418.jpeg,15
1419.jpeg,9
1420.jpeg,32
1421.jpeg,25
1422.jpeg,77
1423.jpeg,18
1424.jpeg,71
1425.jpeg,8
1426.jpeg,31
1427.jpeg,81
1428.jpeg,43
1429.jpeg,48
1430.jpeg,72
1431.jpeg,23
1432.jpeg,59
1433.jpeg,81
1434.jpeg,98
1435.jpeg,7
1436.jpeg,13
1437.jpeg,51
1438.jpeg,91
1439.jpeg,83
1440.jpeg,74
1441.jpeg,65
1442.jpeg,28
1443.jpeg,8
1444.jpeg,69
1445.jpeg,29
1446.jpeg,14
1447.jpeg,70
1448.jpeg,41
1449.jpeg,44
1450.jpeg,12
1451.jpeg,88
1452.jpeg,87
1453.jpeg,76
1454.jpeg,28
1455.jpeg,47
1456.jpeg,43
1457.jpeg,52
1458.jpeg,23
1459.jpeg,70
1460.jpeg,97
1461.jpeg,70
1462.jpeg,38
1463.jpeg,0
1464.jpeg,58
1465.jpeg,21
1466.jpeg,94
1467.jpeg,52
1468.jpeg,99
1469.jpeg,7
1470.jpeg,98
1471.jpeg,16
1472.jpeg,98
1473.jpeg,66
1474.jpeg,69
1475.jpeg,20
1476.jpeg,87
1477.jpeg,78
1478.jpeg,94
1479.jpeg,59
1480.jpeg,62
1481.jpeg,17
1482.jpeg,34
1483.jpeg,57
1484.jpeg,44
1485.jpeg,92
1486.jpeg,93
1487.jpeg,12
1488.jpeg,12
1489.jpeg,69
1490.jpeg,64
1491.jpeg,44
1492.jpeg,1
1493.jpeg,24
1494.jpeg,39
1495.jpeg,76
1496.jpeg,21
1497.jpeg,50
1498.jpeg,75
1499.jpeg,6
1500.jpeg,49
1501.jpeg,6
1502.jpeg,10
1503.jpeg,37
1504.jpeg,33
1505.jpeg,46
1506.jpeg,3
1507.jpeg,4
1508.jpeg,77
1509.jpeg,17
1510.jpeg,46
1511.jpeg,19
1512.jpeg,94
1513.jpeg,44
1514.jpeg,58
1515.jpeg,35
1516.jpeg,21
1517.jpeg,58
1518.jpeg,2
1519.jpeg,44
1520.jpeg,83
1521.jpeg,27
1522.jpeg,81
1523.jpeg,18
1524.jpeg,42
1525.jpeg,71
1526.jpeg,5
1527.jpeg,25
1528.jpeg,63
1529.jpeg,83
1530.jpeg,76
1531.jpeg,72
1532.jpeg,20
1533.jpeg,0
1534.jpeg,24
1535.jpeg,48
1536.jpeg,67
1537.jpeg,53
1538.jpeg,12
1539.jpeg,44
1540.jpeg,8
1541.jpeg,28
1542.jpeg,23
1543.jpeg,85
1544.jpeg,28
1545.jpeg,52
1546.jpeg,34
1547.jpeg,58
1548.jpeg,61
1549.jpeg,90
1550.jpeg,33
1551.jpeg,82
1552.jpeg,1
1553.jpeg,58
1554.jpeg,49
1555.jpeg,34
1556.jpeg,88
1557.jpeg,19
1558.jpeg,25
1559.jpeg,81
1560.jpeg,90
1561.jpeg,37
1562.jpeg,80
1563.jpeg,95
1564.jpeg,46
1565.jpeg,60
1566.jpeg,83
1567.jpeg,62
1568.jpeg,76
1569.jpeg,70
1570.jpeg,19
1571.jpeg,48
1572.jpeg,0
1573.jpeg,64
1574.jpeg,36
1575.jpeg,77
1576.jpeg,87
1577.jpeg,48
1578.jpeg,16
1579.jpeg,36
1580.jpeg,48
1581.jpeg,74
1582.jpeg,28
1583.jpeg,28
1584.jpeg,49
1585.jpeg,56
1586.jpeg,56
1587.jpeg,77
1588.jpeg,91
1589.jpeg,25
1590.jpeg,58
1591.jpeg,6
1592.jpeg,57
1593.jpeg,16
1594.jpeg,44
1595.jpeg,41
1596.jpeg,49
1597.jpeg,31
1598.jpeg,19
1599.jpeg,28
1600.jpeg,27
1601.jpeg,27
1602.jpeg,97
1603.jpeg,45
1604.jpeg,78
1605.jpeg,85
1606.jpeg,39
1607.jpeg,95
1608.jpeg,10
1609.jpeg,91
1610.jpeg,31
1611.jpeg,99
1612.jpeg,44
1613.jpeg,83
1614.jpeg,87
1615.jpeg,85
1616.jpeg,58
1617.jpeg,18
1618.jpeg,11
1619.jpeg,50
1620.jpeg,41
1621.jpeg,12
1622.jpeg,94
1623.jpeg,34
1624.jpeg,47
1625.jpeg,18
1626.jpeg,48
1627.jpeg,21
1628.jpeg,21
1629.jpeg,66
1630.jpeg,37
1631.jpeg,17
1632.jpeg,94
1633.jpeg,81
1634.jpeg,91
1635.jpeg,30
1636.jpeg,45
1637.jpeg,99
1638.jpeg,81
1639.jpeg,97
1640.jpeg,85
1641.jpeg,74
1642.jpeg,43
1643.jpeg,19
1644.jpeg,2
1645.jpeg,37
1646.jpeg,91
1647.jpeg,32
1648.jpeg,30
1649.jpeg,94
1650.jpeg,3
1651.jpeg,17
1652.jpeg,40
1653.jpeg,81
1654.jpeg,45
1655.jpeg,38
1656.jpeg,10
1657.jpeg,81
1658.jpeg,24
1659.jpeg,3
1660.jpeg,1
1661.jpeg,22
1662.jpeg,98
1663.jpeg,29
1664.jpeg,17
1665.jpeg,55
1666.jpeg,82
1667.jpeg,17
1668.jpeg,40
1669.jpeg,50
1670.jpeg,23
1671.jpeg,98
1672.jpeg,83
1673.jpeg,16
1674.jpeg,52
1675.jpeg,74
1676.jpeg,15
1677.jpeg,35
1678.jpeg,23
1679.jpeg,65
1680.jpeg,58
1681.jpeg,1
1682.jpeg,52
1683.jpeg,65
1684.jpeg,9
1685.jpeg,46
1686.jpeg,99
1687.jpeg,91
1688.jpeg,64
1689.jpeg,48
1690.jpeg,32
1691.jpeg,77
1692.jpeg,43
1693.jpeg,47
1694.jpeg,19
1695.jpeg,46
1696.jpeg,45
1697.jpeg,14
1698.jpeg,12
1699.jpeg,81
1700.jpeg,91
1701.jpeg,42
1702.jpeg,97
1703.jpeg,58
1704.jpeg,62
1705.jpeg,68
1706.jpeg,1
1707.jpeg,84
1708.jpeg,44
1709.jpeg,54
1710.jpeg,71
1711.jpeg,8
1712.jpeg,5
1713.jpeg,12
1714.jpeg,23
1715.jpeg,8
1716.jpeg,84
1717.jpeg,33
1718.jpeg,91
1719.jpeg,66
1720.jpeg,81
1721.jpeg,91
1722.jpeg,47
1723.jpeg,53
1724.jpeg,19
1725.jpeg,25
1726.jpeg,33
1727.jpeg,52
1728.jpeg,44
1729.jpeg,59
1730.jpeg,43
1731.jpeg,65
1732.jpeg,5
1733.jpeg,66
1734.jpeg,63
1735.jpeg,67
1736.jpeg,66
1737.jpeg,64
1738.jpeg,12
1739.jpeg,43
1740.jpeg,81
1741.jpeg,2
1742.jpeg,14
1743.jpeg,18
1744.jpeg,7
1745.jpeg,55
1746.jpeg,83
1747.jpeg,12
1748.jpeg,90
1749.jpeg,26
1750.jpeg,7
1751.jpeg,8
1752.jpeg,16
1753.jpeg,68
1754.jpeg,17
1755.jpeg,78
1756.jpeg,41
1757.jpeg,31
1758.jpeg,4
1759.jpeg,33
1760.jpeg,98
1761.jpeg,49
1762.jpeg,46
1763.jpeg,50
1764.jpeg,80
1765.jpeg,36
1766.jpeg,82
1767.jpeg,21
1768.jpeg,20
1769.jpeg,90
1770.jpeg,36
1771.jpeg,21
1772.jpeg,62
1773.jpeg,31
1774.jpeg,38
1775.jpeg,45
1776.jpeg,60
1777.jpeg,44
1778.jpeg,76
1779.jpeg,16
1780.jpeg,45
1781.jpeg,79
1782.jpeg,52
1783.jpeg,3
1784.jpeg,52
1785.jpeg,72
1786.jpeg,12
1787.jpeg,49
1788.jpeg,64
1789.jpeg,44
1790.jpeg,98
1791.jpeg,61
1792.jpeg,94
1793.jpeg,0
1794.jpeg,25
1795.jpeg,52
1796.jpeg,78
1797.jpeg,47
1798.jpeg,14
1799.jpeg,18
1800.jpeg,2
1801.jpeg,62
1802.jpeg,95
1803.jpeg,91
1804.jpeg,85
1805.jpeg,91
1806.jpeg,38
1807.jpeg,61
1808.jpeg,61
1809.jpeg,0
1810.jpeg,0
1811.jpeg,48
1812.jpeg,58
1813.jpeg,23
1814.jpeg,55
1815.jpeg,50
1816.jpeg,1
1817.jpeg,46
1818.jpeg,10
1819.jpeg,53
1820.jpeg,37
1821.jpeg,4
1822.jpeg,91
1823.jpeg,56
1824.jpeg,20
1825.jpeg,69
1826.jpeg,34
1827.jpeg,0
1828.jpeg,56
1829.jpeg,41
1830.jpeg,18
1831.jpeg,6
1832.jpeg,84
1833.jpeg,67
1834.jpeg,87
1835.jpeg,0
1836.jpeg,85
1837.jpeg,64
1838.jpeg,3
1839.jpeg,48
1840.jpeg,90
1841.jpeg,91
1842.jpeg,98
1843.jpeg,12
1844.jpeg,42
1845.jpeg,74
1846.jpeg,0
1847.jpeg,51
1848.jpeg,44
1849.jpeg,27
1850.jpeg,41
1851.jpeg,83
1852.jpeg,35
1853.jpeg,35
1854.jpeg,49
1855.jpeg,5
1856.jpeg,40
1857.jpeg,70
1858.jpeg,67
1859.jpeg,27
1860.jpeg,52
1861.jpeg,58
1862.jpeg,70
1863.jpeg,12
1864.jpeg,62
1865.jpeg,5
1866.jpeg,56
1867.jpeg,60
1868.jpeg,1
1869.jpeg,49
1870.jpeg,43
1871.jpeg,5
1872.jpeg,21
1873.jpeg,10
1874.jpeg,89
1875.jpeg,17
1876.jpeg,8
1877.jpeg,25
1878.jpeg,92
1879.jpeg,0
1880.jpeg,41
1881.jpeg,17
1882.jpeg,37
1883.jpeg,84
1884.jpeg,55
1885.jpeg,52
1886.jpeg,33
1887.jpeg,86
1888.jpeg,40
1889.jpeg,32
1890.jpeg,98
1891.jpeg,29
1892.jpeg,80
1893.jpeg,44
1894.jpeg,36
1895.jpeg,26
1896.jpeg,70
1897.jpeg,9
1898.jpeg,33
1899.jpeg,0
1900.jpeg,46
1901.jpeg,22
1902.jpeg,43
1903.jpeg,47
1904.jpeg,36
1905.jpeg,70
1906.jpeg,22
1907.jpeg,81
1908.jpeg,45
1909.jpeg,49
1910.jpeg,46
1911.jpeg,77
1912.jpeg,17
1913.jpeg,90
1914.jpeg,41
1915.jpeg,70
1916.jpeg,53
1917.jpeg,16
1918.jpeg,79
1919.jpeg,65
1920.jpeg,85
1921.jpeg,64
1922.jpeg,55
1923.jpeg,68
1924.jpeg,34
1925.jpeg,42
1926.jpeg,0
1927.jpeg,30
1928.jpeg,51
1929.jpeg,37
1930.jpeg,3
1931.jpeg,61
1932.jpeg,59
1933.jpeg,33
1934.jpeg,41
1935.jpeg,59
1936.jpeg,84
1937.jpeg,76
1938.jpeg,98
1939.jpeg,46
1940.jpeg,35
1941.jpeg,42
1942.jpeg,58
1943.jpeg,47
1944.jpeg,33
1945.jpeg,75
1946.jpeg,13
1947.jpeg,12
1948.jpeg,29
1949.jpeg,81
1950.jpeg,74
1951.jpeg,88
1952.jpeg,8
1953.jpeg,7
1954.jpeg,65
1955.jpeg,52
1956.jpeg,72
1957.jpeg,94
1958.jpeg,60
1959.jpeg,70
1960.jpeg,32
1961.jpeg,8
1962.jpeg,69
1963.jpeg,85
1964.jpeg,70
1965.jpeg,32
1966.jpeg,51
1967.jpeg,49
1968.jpeg,44
1969.jpeg,7
1970.jpeg,19
1971.jpeg,26
1972.jpeg,9
1973.jpeg,71
1974.jpeg,36
1975.jpeg,50
1976.jpeg,41
1977.jpeg,42
1978.jpeg,63
1979.jpeg,70
1980.jpeg,48
1981.jpeg,98
1982.jpeg,23
1983.jpeg,91
1984.jpeg,29
1985.jpeg,77
1986.jpeg,64
1987.jpeg,19
1988.jpeg,12
1989.jpeg,43
1990.jpeg,24
1991.jpeg,82
1992.jpeg,22
1993.jpeg,12
1994.jpeg,98
1995.jpeg,77
1996.jpeg,29
1997.jpeg,18
1998.jpeg,66
1999.jpeg,35
2000.jpeg,87
2001.jpeg,21
2002.jpeg,84
2003.jpeg,40
2004.jpeg,1
2005.jpeg,14
2006.jpeg,67
2007.jpeg,47
2008.jpeg,75
2009.jpeg,69
2010.jpeg,59
2011.jpeg,98
2012.jpeg,76
2013.jpeg,98
2014.jpeg,81
2015.jpeg,98
2016.jpeg,7
2017.jpeg,91
2018.jpeg,35
2019.jpeg,23
2020.jpeg,94
2021.jpeg,95
2022.jpeg,8
2023.jpeg,2
2024.jpeg,9
2025.jpeg,49
2026.jpeg,36
2027.jpeg,46
2028.jpeg,60
2029.jpeg,52
2030.jpeg,53
2031.jpeg,67
2032.jpeg,98
2033.jpeg,22
2034.jpeg,20
2035.jpeg,9
2036.jpeg,98
2037.jpeg,99
2038.jpeg,8
2039.jpeg,22
2040.jpeg,38
2041.jpeg,29
2042.jpeg,87
2043.jpeg,21
2044.jpeg,48
2045.jpeg,8
2046.jpeg,80
2047.jpeg,5
2048.jpeg,76
2049.jpeg,77
2050.jpeg,16
2051.jpeg,9
2052.jpeg,27
2053.jpeg,66
2054.jpeg,21
2055.jpeg,32
2056.jpeg,12
2057.jpeg,73
2058.jpeg,19
2059.jpeg,92
2060.jpeg,98
2061.jpeg,64
2062.jpeg,53
2063.jpeg,63
2064.jpeg,82
2065.jpeg,41
2066.jpeg,32
2067.jpeg,65
2068.jpeg,62
2069.jpeg,65
2070.jpeg,29
2071.jpeg,93
2072.jpeg,97
2073.jpeg,22
2074.jpeg,89
2075.jpeg,5
2076.jpeg,25
2077.jpeg,69
2078.jpeg,48
2079.jpeg,50
2080.jpeg,51
2081.jpeg,35
2082.jpeg,0
2083.jpeg,75
2084.jpeg,47
2085.jpeg,97
2086.jpeg,63
2087.jpeg,72
2088.jpeg,54
2089.jpeg,54
2090.jpeg,45
2091.jpeg,69
2092.jpeg,72
2093.jpeg,14
2094.jpeg,44
2095.jpeg,43
2096.jpeg,39
2097.jpeg,23
2098.jpeg,40
2099.jpeg,86
2100.jpeg,35
2101.jpeg,15
2102.jpeg,56
2103.jpeg,55
2104.jpeg,48
2105.jpeg,24
2106.jpeg,82
2107.jpeg,42
2108.jpeg,47
2109.jpeg,37
2110.jpeg,37
2111.jpeg,4
2112.jpeg,26
2113.jpeg,52
2114.jpeg,16
2115.jpeg,77
2116.jpeg,59
2117.jpeg,41
2118.jpeg,42
2119.jpeg,77
2120.jpeg,10
2121.jpeg,77
2122.jpeg,5
2123.jpeg,42
2124.jpeg,23
2125.jpeg,70
2126.jpeg,25
2127.jpeg,40
2128.jpeg,69
2129.jpeg,50
2130.jpeg,23
2131.jpeg,71
2132.jpeg,16
2133.jpeg,71
2134.jpeg,47
2135.jpeg,37
2136.jpeg,94
2137.jpeg,3
2138.jpeg,25
2139.jpeg,94
2140.jpeg,50
2141.jpeg,6
2142.jpeg,52
2143.jpeg,21
2144.jpeg,21
2145.jpeg,59
2146.jpeg,3
2147.jpeg,75
2148.jpeg,76
2149.jpeg,23
2150.jpeg,10
2151.jpeg,18
2152.jpeg,68
2153.jpeg,37
2154.jpeg,61
2155.jpeg,44
2156.jpeg,5
2157.jpeg,70
2158.jpeg,10
2159.jpeg,22
2160.jpeg,69
2161.jpeg,68
2162.jpeg,80
2163.jpeg,8
2164.jpeg,81
2165.jpeg,61
2166.jpeg,31
2167.jpeg,75
2168.jpeg,86
2169.jpeg,41
2170.jpeg,49
2171.jpeg,26
2172.jpeg,24
2173.jpeg,77
2174.jpeg,62
2175.jpeg,90
2176.jpeg,10
2177.jpeg,25
2178.jpeg,47
2179.jpeg,14
2180.jpeg,98
2181.jpeg,53
2182.jpeg,66
2183.jpeg,12
2184.jpeg,91
2185.jpeg,95
2186.jpeg,25
2187.jpeg,81
2188.jpeg,62
2189.jpeg,20
2190.jpeg,41
2191.jpeg,17
2192.jpeg,17
2193.jpeg,86
2194.jpeg,23
2195.jpeg,19
2196.jpeg,23
2197.jpeg,68
2198.jpeg,4
2199.jpeg,12
2200.jpeg,0
2201.jpeg,45
2202.jpeg,80
2203.jpeg,41
2204.jpeg,98
2205.jpeg,6
2206.jpeg,44
2207.jpeg,74
2208.jpeg,90
2209.jpeg,3
2210.jpeg,91
2211.jpeg,90
2212.jpeg,29
2213.jpeg,71
2214.jpeg,34
2215.jpeg,68
2216.jpeg,70
2217.jpeg,63
2218.jpeg,2
2219.jpeg,16
2220.jpeg,7
2221.jpeg,58
2222.jpeg,3
2223.jpeg,18
2224.jpeg,51
2225.jpeg,87
2226.jpeg,42
2227.jpeg,98
2228.jpeg,5
2229.jpeg,79
2230.jpeg,90
2231.jpeg,98
2232.jpeg,56
2233.jpeg,15
2234.jpeg,38
2235.jpeg,48
2236.jpeg,36
2237.jpeg,72
2238.jpeg,38
2239.jpeg,52
2240.jpeg,51
2241.jpeg,84
2242.jpeg,19
2243.jpeg,30
2244.jpeg,39
2245.jpeg,49
2246.jpeg,7
2247.jpeg,81
2248.jpeg,16
2249.jpeg,61
2250.jpeg,1
2251.jpeg,15
2252.jpeg,58
2253.jpeg,72
2254.jpeg,7
2255.jpeg,28
2256.jpeg,21
2257.jpeg,12
2258.jpeg,95
2259.jpeg,92
2260.jpeg,54
2261.jpeg,51
2262.jpeg,34
2263.jpeg,47
2264.jpeg,63
2265.jpeg,69
2266.jpeg,62
2267.jpeg,84
2268.jpeg,2
2269.jpeg,62
2270.jpeg,56
2271.jpeg,90
2272.jpeg,83
2273.jpeg,29
2274.jpeg,47
2275.jpeg,27
2276.jpeg,76
2277.jpeg,59
2278.jpeg,60
2279.jpeg,9
2280.jpeg,29
2281.jpeg,58
2282.jpeg,22
2283.jpeg,40
2284.jpeg,60
2285.jpeg,17
2286.jpeg,61
2287.jpeg,26
2288.jpeg,75
2289.jpeg,9
2290.jpeg,9
2291.jpeg,69
2292.jpeg,76
2293.jpeg,83
2294.jpeg,97
2295.jpeg,5
2296.jpeg,14
2297.jpeg,83
2298.jpeg,61
2299.jpeg,14
2300.jpeg,49
2301.jpeg,23
2302.jpeg,82
2303.jpeg,25
2304.jpeg,0
2305.jpeg,8
2306.jpeg,34
2307.jpeg,52
2308.jpeg,85
2309.jpeg,91
2310.jpeg,47
2311.jpeg,70
2312.jpeg,18
2313.jpeg,86
2314.jpeg,23
2315.jpeg,57
2316.jpeg,5
2317.jpeg,77
2318.jpeg,91
2319.jpeg,38
2320.jpeg,58
2321.jpeg,47
2322.jpeg,98
2323.jpeg,24
2324.jpeg,41
2325.jpeg,23
2326.jpeg,2
2327.jpeg,51
2328.jpeg,33
2329.jpeg,53
2330.jpeg,86
2331.jpeg,28
2332.jpeg,79
2333.jpeg,57
2334.jpeg,80
2335.jpeg,93
2336.jpeg,7
2337.jpeg,47
2338.jpeg,28
2339.jpeg,85
2340.jpeg,69
2341.jpeg,13
2342.jpeg,22
2343.jpeg,20
2344.jpeg,79
2345.jpeg,16
2346.jpeg,20
2347.jpeg,86
2348.jpeg,14
2349.jpeg,37
2350.jpeg,49
2351.jpeg,98
2352.jpeg,74
2353.jpeg,90
2354.jpeg,72
2355.jpeg,69
2356.jpeg,63
2357.jpeg,93
2358.jpeg,79
2359.jpeg,35
2360.jpeg,71
2361.jpeg,20
2362.jpeg,32
2363.jpeg,91
2364.jpeg,19
2365.jpeg,43
2366.jpeg,44
2367.jpeg,11
2368.jpeg,92
2369.jpeg,3
2370.jpeg,22
2371.jpeg,2
2372.jpeg,20
2373.jpeg,86
2374.jpeg,7
2375.jpeg,0
2376.jpeg,1
2377.jpeg,93
2378.jpeg,91
2379.jpeg,28
2380.jpeg,49
2381.jpeg,37
2382.jpeg,80
2383.jpeg,91
2384.jpeg,23
2385.jpeg,11
2386.jpeg,93
2387.jpeg,14
2388.jpeg,19
2389.jpeg,64
2390.jpeg,31
2391.jpeg,71
2392.jpeg,91
2393.jpeg,92
2394.jpeg,88
2395.jpeg,37
2396.jpeg,0
2397.jpeg,43
2398.jpeg,63
2399.jpeg,91
2400.jpeg,86
2401.jpeg,25
2402.jpeg,3
2403.jpeg,21
2404.jpeg,23
2405.jpeg,73
2406.jpeg,37
2407.jpeg,3
2408.jpeg,44
2409.jpeg,44
2410.jpeg,21
2411.jpeg,80
2412.jpeg,74
2413.jpeg,52
2414.jpeg,47
2415.jpeg,22
2416.jpeg,11
2417.jpeg,0
2418.jpeg,63
2419.jpeg,71
2420.jpeg,82
2421.jpeg,91
2422.jpeg,7
2423.jpeg,42
2424.jpeg,75
2425.jpeg,25
2426.jpeg,70
2427.jpeg,19
2428.jpeg,58
2429.jpeg,74
2430.jpeg,50
2431.jpeg,5
2432.jpeg,26
2433.jpeg,89
2434.jpeg,10
2435.jpeg,8
2436.jpeg,77
2437.jpeg,77
2438.jpeg,70
2439.jpeg,8
2440.jpeg,50
2441.jpeg,72
2442.jpeg,58
2443.jpeg,25
2444.jpeg,52
2445.jpeg,17
2446.jpeg,51
2447.jpeg,87
2448.jpeg,25
2449.jpeg,58
2450.jpeg,92
2451.jpeg,4
2452.jpeg,65
2453.jpeg,17
2454.jpeg,82
2455.jpeg,44
2456.jpeg,37
2457.jpeg,60
2458.jpeg,70
2459.jpeg,70
2460.jpeg,30
2461.jpeg,4
2462.jpeg,3
2463.jpeg,20
2464.jpeg,22
2465.jpeg,61
2466.jpeg,18
2467.jpeg,95
2468.jpeg,92
2469.jpeg,87
2470.jpeg,12
2471.jpeg,72
2472.jpeg,86
2473.jpeg,76
2474.jpeg,85
2475.jpeg,70
2476.jpeg,37
2477.jpeg,21
2478.jpeg,84
2479.jpeg,35
2480.jpeg,85
2481.jpeg,16
2482.jpeg,55
2483.jpeg,46
2484.jpeg,27
2485.jpeg,11
2486.jpeg,41
2487.jpeg,76
2488.jpeg,41
2489.jpeg,14
2490.jpeg,40
2491.jpeg,72
2492.jpeg,99
2493.jpeg,95
2494.jpeg,64
2495.jpeg,69
2496.jpeg,86
2497.jpeg,83
2498.jpeg,17
2499.jpeg,84
2500.jpeg,1
2501.jpeg,12
2502.jpeg,20
2503.jpeg,62
2504.jpeg,42
2505.jpeg,98
2506.jpeg,82
2507.jpeg,90
2508.jpeg,92
2509.jpeg,7
2510.jpeg,71
2511.jpeg,49
2512.jpeg,3
2513.jpeg,85
2514.jpeg,34
2515.jpeg,45
2516.jpeg,31
2517.jpeg,71
2518.jpeg,62
2519.jpeg,29
2520.jpeg,67
2521.jpeg,53
2522.jpeg,69
2523.jpeg,25
2524.jpeg,44
2525.jpeg,33
2526.jpeg,7
2527.jpeg,41
2528.jpeg,97
2529.jpeg,76
2530.jpeg,65
2531.jpeg,31
2532.jpeg,36
2533.jpeg,28
2534.jpeg,49
2535.jpeg,84
2536.jpeg,10
2537.jpeg,82
2538.jpeg,38
2539.jpeg,42
2540.jpeg,4
2541.jpeg,40
2542.jpeg,32
2543.jpeg,0
2544.jpeg,66
2545.jpeg,21
2546.jpeg,41
2547.jpeg,98
2548.jpeg,8
2549.jpeg,56
2550.jpeg,59
2551.jpeg,20
2552.jpeg,89
2553.jpeg,78
2554.jpeg,4
2555.jpeg,66
2556.jpeg,95
2557.jpeg,7
2558.jpeg,98
2559.jpeg,2
2560.jpeg,33
2561.jpeg,44
2562.jpeg,84
2563.jpeg,90
2564.jpeg,85
2565.jpeg,26
2566.jpeg,60
2567.jpeg,91
2568.jpeg,58
2569.jpeg,17
2570.jpeg,52
2571.jpeg,16
2572.jpeg,84
2573.jpeg,97
2574.jpeg,60
2575.jpeg,75
2576.jpeg,70
2577.jpeg,20
2578.jpeg,2
2579.jpeg,25
2580.jpeg,98
2581.jpeg,7
2582.jpeg,21
2583.jpeg,33
2584.jpeg,63
2585.jpeg,0
2586.jpeg,22
2587.jpeg,5
2588.jpeg,3
2589.jpeg,82
2590.jpeg,61
2591.jpeg,3
2592.jpeg,76
2593.jpeg,84
2594.jpeg,34
2595.jpeg,10
2596.jpeg,40
2597.jpeg,58
2598.jpeg,17
2599.jpeg,42
2600.jpeg,77
2601.jpeg,7
2602.jpeg,17
2603.jpeg,72
2604.jpeg,4
2605.jpeg,61
2606.jpeg,85
2607.jpeg,2
2608.jpeg,65
2609.jpeg,36
2610.jpeg,0
2611.jpeg,98
2612.jpeg,69
2613.jpeg,19
2614.jpeg,13
2615.jpeg,25
2616.jpeg,54
2617.jpeg,34
2618.jpeg,17
2619.jpeg,58
2620.jpeg,64
2621.jpeg,21
2622.jpeg,53
2623.jpeg,47
2624.jpeg,25
2625.jpeg,4
2626.jpeg,13
2627.jpeg,30
2628.jpeg,12
2629.jpeg,74
2630.jpeg,37
2631.jpeg,43
2632.jpeg,19
2633.jpeg,99
2634.jpeg,48
2635.jpeg,51
2636.jpeg,70
2637.jpeg,17
2638.jpeg,74
2639.jpeg,58
2640.jpeg,89
2641.jpeg,48
2642.jpeg,76
2643.jpeg,45
2644.jpeg,63
2645.jpeg,65
2646.jpeg,41
2647.jpeg,70
2648.jpeg,10
2649.jpeg,31
2650.jpeg,79
2651.jpeg,17
2652.jpeg,18
2653.jpeg,72
2654.jpeg,37
2655.jpeg,41
2656.jpeg,82
2657.jpeg,9
2658.jpeg,87
2659.jpeg,60
2660.jpeg,23
2661.jpeg,88
2662.jpeg,75
2663.jpeg,81
2664.jpeg,14
2665.jpeg,53
2666.jpeg,45
2667.jpeg,55
2668.jpeg,98
2669.jpeg,21
2670.jpeg,32
2671.jpeg,59
2672.jpeg,51
2673.jpeg,13
2674.jpeg,48
2675.jpeg,61
2676.jpeg,7
2677.jpeg,36
2678.jpeg,98
2679.jpeg,2
2680.jpeg,4
2681.jpeg,81
2682.jpeg,98
2683.jpeg,72
2684.jpeg,56
2685.jpeg,35
2686.jpeg,17
2687.jpeg,70
2688.jpeg,28
2689.jpeg,80
2690.jpeg,90
2691.jpeg,37
2692.jpeg,8
2693.jpeg,58
2694.jpeg,6
2695.jpeg,4
2696.jpeg,79
2697.jpeg,47
2698.jpeg,10
2699.jpeg,80
2700.jpeg,0
2701.jpeg,49
2702.jpeg,81
2703.jpeg,55
2704.jpeg,29
2705.jpeg,34
2706.jpeg,2
2707.jpeg,66
2708.jpeg,33
2709.jpeg,68
2710.jpeg,69
2711.jpeg,56
2712.jpeg,47
2713.jpeg,97
2714.jpeg,46
2715.jpeg,25
2716.jpeg,87
2717.jpeg,65
2718.jpeg,11
2719.jpeg,48
2720.jpeg,20
2721.jpeg,36
2722.jpeg,25
2723.jpeg,8
2724.jpeg,77
2725.jpeg,48
2726.jpeg,42
2727.jpeg,50
2728.jpeg,59
2729.jpeg,28
2730.jpeg,43
2731.jpeg,46
2732.jpeg,0
2733.jpeg,24
2734.jpeg,26
2735.jpeg,83
2736.jpeg,41
2737.jpeg,79
2738.jpeg,19
2739.jpeg,95
2740.jpeg,70
2741.jpeg,36
2742.jpeg,20
2743.jpeg,57
2744.jpeg,85
2745.jpeg,12
2746.jpeg,3
2747.jpeg,91
2748.jpeg,54
2749.jpeg,44
2750.jpeg,17
2751.jpeg,52
2752.jpeg,76
2753.jpeg,43
2754.jpeg,86
2755.jpeg,92
2756.jpeg,44
2757.jpeg,42
2758.jpeg,49
2759.jpeg,5
2760.jpeg,60
2761.jpeg,83
2762.jpeg,0
2763.jpeg,22
2764.jpeg,26
2765.jpeg,3
2766.jpeg,18
2767.jpeg,8
2768.jpeg,51
2769.jpeg,71
2770.jpeg,58
2771.jpeg,41
2772.jpeg,93
2773.jpeg,69
2774.jpeg,32
2775.jpeg,23
2776.jpeg,69
2777.jpeg,74
2778.jpeg,47
2779.jpeg,16
2780.jpeg,84
2781.jpeg,65
2782.jpeg,29
2783.jpeg,0
2784.jpeg,64
2785.jpeg,45
2786.jpeg,36
2787.jpeg,32
2788.jpeg,8
2789.jpeg,76
2790.jpeg,32
2791.jpeg,82
2792.jpeg,72
2793.jpeg,38
2794.jpeg,30
2795.jpeg,19
2796.jpeg,61
2797.jpeg,87
2798.jpeg,94
2799.jpeg,3
2800.jpeg,52
2801.jpeg,77
2802.jpeg,43
2803.jpeg,30
2804.jpeg,82
2805.jpeg,74
2806.jpeg,36
2807.jpeg,48
2808.jpeg,25
2809.jpeg,67
2810.jpeg,82
2811.jpeg,93
2812.jpeg,38
2813.jpeg,98
2814.jpeg,77
2815.jpeg,92
2816.jpeg,40
2817.jpeg,21
2818.jpeg,17
2819.jpeg,5
2820.jpeg,36
2821.jpeg,67
2822.jpeg,5
2823.jpeg,73
2824.jpeg,8
2825.jpeg,66
2826.jpeg,69
2827.jpeg,25
2828.jpeg,65
2829.jpeg,33
2830.jpeg,26
2831.jpeg,7
2832.jpeg,64
2833.jpeg,71
2834.jpeg,29
2835.jpeg,60
2836.jpeg,42
2837.jpeg,57
2838.jpeg,26
2839.jpeg,34
2840.jpeg,75
2841.jpeg,84
2842.jpeg,27
2843.jpeg,45
2844.jpeg,99
2845.jpeg,71
2846.jpeg,98
2847.jpeg,68
2848.jpeg,21
2849.jpeg,72
2850.jpeg,98
2851.jpeg,50
2852.jpeg,45
2853.jpeg,23
2854.jpeg,29
2855.jpeg,36
2856.jpeg,74
2857.jpeg,7
2858.jpeg,35
2859.jpeg,71
2860.jpeg,87
2861.jpeg,5
2862.jpeg,14
2863.jpeg,13
2864.jpeg,79
2865.jpeg,2
2866.jpeg,34
2867.jpeg,8
2868.jpeg,68
2869.jpeg,11
2870.jpeg,84
2871.jpeg,58
2872.jpeg,73
2873.jpeg,25
2874.jpeg,39
2875.jpeg,29
2876.jpeg,82
2877.jpeg,90
2878.jpeg,63
2879.jpeg,56
2880.jpeg,34
2881.jpeg,68
2882.jpeg,21
2883.jpeg,30
2884.jpeg,7
2885.jpeg,39
2886.jpeg,10
2887.jpeg,20
2888.jpeg,91
2889.jpeg,80
2890.jpeg,25
2891.jpeg,29
2892.jpeg,79
2893.jpeg,78
2894.jpeg,35
2895.jpeg,52
2896.jpeg,11
2897.jpeg,87
2898.jpeg,16
2899.jpeg,71
2900.jpeg,52
2901.jpeg,78
2902.jpeg,33
2903.jpeg,50
2904.jpeg,76
2905.jpeg,20
2906.jpeg,94
2907.jpeg,81
2908.jpeg,92
2909.jpeg,57
2910.jpeg,74
2911.jpeg,33
2912.jpeg,5
2913.jpeg,88
2914.jpeg,74
2915.jpeg,85
2916.jpeg,16
2917.jpeg,21
2918.jpeg,72
2919.jpeg,92
2920.jpeg,69
2921.jpeg,60
2922.jpeg,60
2923.jpeg,49
2924.jpeg,70
2925.jpeg,8
2926.jpeg,8
2927.jpeg,98
2928.jpeg,72
2929.jpeg,25
2930.jpeg,74
2931.jpeg,70
2932.jpeg,36
2933.jpeg,92
2934.jpeg,86
2935.jpeg,86
2936.jpeg,35
2937.jpeg,90
2938.jpeg,42
2939.jpeg,4
2940.jpeg,98
2941.jpeg,58
2942.jpeg,88
2943.jpeg,82
2944.jpeg,93
2945.jpeg,73
2946.jpeg,45
2947.jpeg,3
2948.jpeg,53
2949.jpeg,22
2950.jpeg,69
2951.jpeg,81
2952.jpeg,9
2953.jpeg,51
2954.jpeg,61
2955.jpeg,33
2956.jpeg,84
2957.jpeg,28
2958.jpeg,76
2959.jpeg,66
2960.jpeg,33
2961.jpeg,57
2962.jpeg,59
2963.jpeg,91
2964.jpeg,11
2965.jpeg,75
2966.jpeg,51
2967.jpeg,49
2968.jpeg,90
2969.jpeg,69
2970.jpeg,84
2971.jpeg,51
2972.jpeg,1
2973.jpeg,47
2974.jpeg,36
2975.jpeg,24
2976.jpeg,58
2977.jpeg,35
2978.jpeg,70
2979.jpeg,36
2980.jpeg,12
2981.jpeg,91
2982.jpeg,75
2983.jpeg,84
2984.jpeg,10
2985.jpeg,36
2986.jpeg,21
2987.jpeg,70
2988.jpeg,15
2989.jpeg,20
2990.jpeg,99
2991.jpeg,85
2992.jpeg,77
2993.jpeg,71
2994.jpeg,25
2995.jpeg,11
2996.jpeg,86
2997.jpeg,27
2998.jpeg,99
2999.jpeg,58
3000.jpeg,21
3001.jpeg,77
3002.jpeg,10
3003.jpeg,77
3004.jpeg,49
3005.jpeg,22
3006.jpeg,21
3007.jpeg,30
3008.jpeg,29
3009.jpeg,71
3010.jpeg,3
3011.jpeg,19
3012.jpeg,46
3013.jpeg,25
3014.jpeg,82
3015.jpeg,62
3016.jpeg,45
3017.jpeg,71
3018.jpeg,41
3019.jpeg,56
3020.jpeg,45
3021.jpeg,4
3022.jpeg,5
3023.jpeg,79
3024.jpeg,22
3025.jpeg,51
3026.jpeg,32
3027.jpeg,14
3028.jpeg,46
3029.jpeg,69
3030.jpeg,55
3031.jpeg,10
3032.jpeg,24
3033.jpeg,0
3034.jpeg,63
3035.jpeg,3
3036.jpeg,8
3037.jpeg,17
3038.jpeg,25
3039.jpeg,27
3040.jpeg,17
3041.jpeg,39
3042.jpeg,31
3043.jpeg,97
3044.jpeg,23
3045.jpeg,60
3046.jpeg,55
3047.jpeg,9
3048.jpeg,9
3049.jpeg,95
3050.jpeg,70
3051.jpeg,46
3052.jpeg,64
3053.jpeg,36
3054.jpeg,68
3055.jpeg,41
3056.jpeg,47
3057.jpeg,0
3058.jpeg,85
3059.jpeg,23
3060.jpeg,93
3061.jpeg,84
3062.jpeg,70
3063.jpeg,43
3064.jpeg,28
3065.jpeg,98
3066.jpeg,21
3067.jpeg,48
3068.jpeg,4
3069.jpeg,5
3070.jpeg,63
3071.jpeg,91
3072.jpeg,82
3073.jpeg,39
3074.jpeg,95
3075.jpeg,95
3076.jpeg,92
3077.jpeg,24
3078.jpeg,58
3079.jpeg,49
3080.jpeg,90
3081.jpeg,60
3082.jpeg,7
3083.jpeg,63
3084.jpeg,4
3085.jpeg,12
3086.jpeg,90
3087.jpeg,87
3088.jpeg,36
3089.jpeg,53
3090.jpeg,42
3091.jpeg,17
3092.jpeg,98
3093.jpeg,32
3094.jpeg,33
3095.jpeg,0
3096.jpeg,17
3097.jpeg,38
3098.jpeg,44
3099.jpeg,35
3100.jpeg,34
3101.jpeg,82
3102.jpeg,35
3103.jpeg,71
3104.jpeg,40
3105.jpeg,10
3106.jpeg,87
3107.jpeg,94
3108.jpeg,4
3109.jpeg,77
3110.jpeg,87
3111.jpeg,79
3112.jpeg,90
3113.jpeg,91
3114.jpeg,77
3115.jpeg,71
3116.jpeg,76
3117.jpeg,64
3118.jpeg,34
3119.jpeg,86
3120.jpeg,65
3121.jpeg,63
3122.jpeg,94
3123.jpeg,36
3124.jpeg,43
3125.jpeg,42
3126.jpeg,43
3127.jpeg,17
3128.jpeg,91
3129.jpeg,83
3130.jpeg,48
3131.jpeg,64
3132.jpeg,23
3133.jpeg,90
3134.jpeg,80
3135.jpeg,63
3136.jpeg,71
3137.jpeg,56
3138.jpeg,3
3139.jpeg,97
3140.jpeg,84
3141.jpeg,63
3142.jpeg,30
3143.jpeg,37
3144.jpeg,70
3145.jpeg,15
3146.jpeg,7
3147.jpeg,56
3148.jpeg,70
3149.jpeg,55
3150.jpeg,14
3151.jpeg,46
3152.jpeg,0
3153.jpeg,25
3154.jpeg,84
3155.jpeg,85
3156.jpeg,71
3157.jpeg,74
3158.jpeg,99
3159.jpeg,41
3160.jpeg,40
3161.jpeg,8
3162.jpeg,92
3163.jpeg,81
3164.jpeg,29
3165.jpeg,53
3166.jpeg,34
3167.jpeg,80
3168.jpeg,92
3169.jpeg,87
3170.jpeg,52
3171.jpeg,27
3172.jpeg,62
3173.jpeg,44
3174.jpeg,14
3175.jpeg,41
3176.jpeg,8
3177.jpeg,75
3178.jpeg,52
3179.jpeg,81
3180.jpeg,64
3181.jpeg,43
3182.jpeg,55
3183.jpeg,3
3184.jpeg,71
3185.jpeg,86
3186.jpeg,11
3187.jpeg,16
3188.jpeg,37
3189.jpeg,53
3190.jpeg,0
3191.jpeg,5
3192.jpeg,64
3193.jpeg,82
3194.jpeg,6
3195.jpeg,22
3196.jpeg,49
3197.jpeg,23
3198.jpeg,14
3199.jpeg,21
3200.jpeg,37
3201.jpeg,65
3202.jpeg,31
3203.jpeg,48
3204.jpeg,50
3205.jpeg,52
3206.jpeg,16
3207.jpeg,88
3208.jpeg,69
3209.jpeg,16
3210.jpeg,32
3211.jpeg,83
3212.jpeg,36
3213.jpeg,0
3214.jpeg,51
3215.jpeg,95
3216.jpeg,14
3217.jpeg,58
3218.jpeg,7
3219.jpeg,99
3220.jpeg,82
3221.jpeg,33
3222.jpeg,72
3223.jpeg,69
3224.jpeg,12
3225.jpeg,3
3226.jpeg,88
3227.jpeg,83
3228.jpeg,7
3229.jpeg,40
3230.jpeg,13
3231.jpeg,71
3232.jpeg,20
3233.jpeg,35
3234.jpeg,17
3235.jpeg,70
3236.jpeg,86
3237.jpeg,90
3238.jpeg,17
3239.jpeg,90
3240.jpeg,98
3241.jpeg,61
3242.jpeg,90
3243.jpeg,49
3244.jpeg,7
3245.jpeg,22
3246.jpeg,27
3247.jpeg,20
3248.jpeg,84
3249.jpeg,86
3250.jpeg,90
3251.jpeg,32
3252.jpeg,61
3253.jpeg,8
3254.jpeg,39
3255.jpeg,97
3256.jpeg,51
3257.jpeg,32
3258.jpeg,74
3259.jpeg,0
3260.jpeg,7
3261.jpeg,52
3262.jpeg,76
3263.jpeg,5
3264.jpeg,84
3265.jpeg,16
3266.jpeg,63
3267.jpeg,47
3268.jpeg,48
3269.jpeg,70
3270.jpeg,0
3271.jpeg,92
3272.jpeg,0
3273.jpeg,16
3274.jpeg,67
3275.jpeg,81
3276.jpeg,44
3277.jpeg,33
3278.jpeg,18
3279.jpeg,8
3280.jpeg,32
3281.jpeg,23
3282.jpeg,98
3283.jpeg,40
3284.jpeg,50
3285.jpeg,12
3286.jpeg,70
3287.jpeg,35
3288.jpeg,65
3289.jpeg,58
3290.jpeg,49
3291.jpeg,9
3292.jpeg,75
3293.jpeg,50
3294.jpeg,26
3295.jpeg,74
3296.jpeg,18
3297.jpeg,11
3298.jpeg,16
3299.jpeg,53
3300.jpeg,86
3301.jpeg,82
3302.jpeg,95
3303.jpeg,39
3304.jpeg,27
3305.jpeg,25
3306.jpeg,35
3307.jpeg,58
3308.jpeg,60
3309.jpeg,4
3310.jpeg,33
3311.jpeg,2
3312.jpeg,25
3313.jpeg,82
3314.jpeg,0
3315.jpeg,97
3316.jpeg,55
3317.jpeg,69
3318.jpeg,10
3319.jpeg,29
3320.jpeg,76
3321.jpeg,66
3322.jpeg,22
3323.jpeg,77
3324.jpeg,14
3325.jpeg,12
3326.jpeg,51
3327.jpeg,17
3328.jpeg,82
3329.jpeg,23
3330.jpeg,12
3331.jpeg,11
3332.jpeg,71
3333.jpeg,52
3334.jpeg,11
3335.jpeg,35
3336.jpeg,11
3337.jpeg,41
3338.jpeg,47
3339.jpeg,26
3340.jpeg,40
3341.jpeg,20
3342.jpeg,3
3343.jpeg,48
3344.jpeg,41
3345.jpeg,50
3346.jpeg,17
3347.jpeg,47
3348.jpeg,44
3349.jpeg,50
3350.jpeg,55
3351.jpeg,12
3352.jpeg,16
3353.jpeg,2
3354.jpeg,3
3355.jpeg,46
3356.jpeg,48
3357.jpeg,77
3358.jpeg,28
3359.jpeg,52
3360.jpeg,19
3361.jpeg,34
3362.jpeg,54
3363.jpeg,99
3364.jpeg,54
3365.jpeg,24
3366.jpeg,58
3367.jpeg,63
3368.jpeg,35
3369.jpeg,46
3370.jpeg,92
3371.jpeg,42
3372.jpeg,17
3373.jpeg,19
3374.jpeg,56
3375.jpeg,47
3376.jpeg,41
3377.jpeg,19
3378.jpeg,76
3379.jpeg,25
3380.jpeg,41
3381.jpeg,16
3382.jpeg,55
3383.jpeg,92
3384.jpeg,71
3385.jpeg,42
3386.jpeg,72
3387.jpeg,40
3388.jpeg,48
3389.jpeg,45
3390.jpeg,86
3391.jpeg,22
3392.jpeg,42
3393.jpeg,80
3394.jpeg,31
3395.jpeg,84
3396.jpeg,90
3397.jpeg,1
3398.jpeg,98
3399.jpeg,66
3400.jpeg,40
3401.jpeg,19
3402.jpeg,58
3403.jpeg,90
3404.jpeg,16
3405.jpeg,3
3406.jpeg,65
3407.jpeg,36
3408.jpeg,72
3409.jpeg,19
3410.jpeg,7
3411.jpeg,93
3412.jpeg,91
3413.jpeg,44
3414.jpeg,24
3415.jpeg,29
3416.jpeg,47
3417.jpeg,25
3418.jpeg,29
3419.jpeg,62
3420.jpeg,80
3421.jpeg,25
3422.jpeg,89
3423.jpeg,81
3424.jpeg,63
3425.jpeg,75
3426.jpeg,59
3427.jpeg,91
3428.jpeg,81
3429.jpeg,41
3430.jpeg,77
3431.jpeg,98
3432.jpeg,5
3433.jpeg,5
3434.jpeg,74
3435.jpeg,62
3436.jpeg,81
3437.jpeg,71
3438.jpeg,58
3439.jpeg,10
3440.jpeg,21
3441.jpeg,93
3442.jpeg,31
3443.jpeg,43
3444.jpeg,66
3445.jpeg,33
3446.jpeg,87
3447.jpeg,40
3448.jpeg,19
3449.jpeg,93
3450.jpeg,94
3451.jpeg,53
3452.jpeg,19
3453.jpeg,35
3454.jpeg,0
3455.jpeg,94
3456.jpeg,37
3457.jpeg,60
3458.jpeg,98
3459.jpeg,39
3460.jpeg,58
3461.jpeg,25
3462.jpeg,2
3463.jpeg,29
3464.jpeg,74
3465.jpeg,61
3466.jpeg,46
3467.jpeg,19
3468.jpeg,52
3469.jpeg,12
3470.jpeg,33
3471.jpeg,95
3472.jpeg,55
3473.jpeg,77
3474.jpeg,58
3475.jpeg,33
3476.jpeg,30
3477.jpeg,1
3478.jpeg,10
3479.jpeg,90
3480.jpeg,43
3481.jpeg,25
3482.jpeg,61
3483.jpeg,16
3484.jpeg,71
3485.jpeg,9
3486.jpeg,25
3487.jpeg,91
3488.jpeg,31
3489.jpeg,70
3490.jpeg,27
3491.jpeg,90
3492.jpeg,42
3493.jpeg,21
3494.jpeg,7
3495.jpeg,39
3496.jpeg,8
3497.jpeg,19
3498.jpeg,33
3499.jpeg,53
3500.jpeg,32
3501.jpeg,2
3502.jpeg,86
3503.jpeg,20
3504.jpeg,36
3505.jpeg,68
3506.jpeg,10
3507.jpeg,80
3508.jpeg,17
3509.jpeg,42
3510.jpeg,86
3511.jpeg,65
3512.jpeg,9
3513.jpeg,32
3514.jpeg,53
3515.jpeg,44
3516.jpeg,48
3517.jpeg,84
3518.jpeg,70
3519.jpeg,17
3520.jpeg,16
3521.jpeg,63
3522.jpeg,92
3523.jpeg,83
3524.jpeg,44
3525.jpeg,42
3526.jpeg,26
3527.jpeg,91
3528.jpeg,62
3529.jpeg,28
3530.jpeg,34
3531.jpeg,59
3532.jpeg,43
3533.jpeg,29
3534.jpeg,48
3535.jpeg,66
3536.jpeg,51
3537.jpeg,50
3538.jpeg,47
3539.jpeg,77
3540.jpeg,77
3541.jpeg,83
3542.jpeg,47
3543.jpeg,3
3544.jpeg,8
3545.jpeg,86
3546.jpeg,94
3547.jpeg,9
3548.jpeg,42
3549.jpeg,94
3550.jpeg,51
3551.jpeg,14
3552.jpeg,97
3553.jpeg,46
3554.jpeg,82
3555.jpeg,28
3556.jpeg,1
3557.jpeg,42
3558.jpeg,67
3559.jpeg,54
3560.jpeg,47
3561.jpeg,11
3562.jpeg,3
3563.jpeg,17
3564.jpeg,58
3565.jpeg,64
3566.jpeg,14
3567.jpeg,67
3568.jpeg,16
3569.jpeg,77
3570.jpeg,45
3571.jpeg,54
3572.jpeg,30
3573.jpeg,93
3574.jpeg,59
3575.jpeg,23
3576.jpeg,57
3577.jpeg,11
3578.jpeg,44
3579.jpeg,84
3580.jpeg,35
3581.jpeg,9
3582.jpeg,91
3583.jpeg,91
3584.jpeg,32
3585.jpeg,22
3586.jpeg,87
3587.jpeg,10
3588.jpeg,90
3589.jpeg,31
3590.jpeg,25
3591.jpeg,34
3592.jpeg,76
3593.jpeg,2
3594.jpeg,47
3595.jpeg,59
3596.jpeg,91
3597.jpeg,82
3598.jpeg,20
3599.jpeg,12
3600.jpeg,72
3601.jpeg,6
3602.jpeg,18
3603.jpeg,66
3604.jpeg,36
3605.jpeg,57
3606.jpeg,0
3607.jpeg,31
3608.jpeg,51
3609.jpeg,45
3610.jpeg,16
3611.jpeg,62
3612.jpeg,24
3613.jpeg,39
3614.jpeg,30
3615.jpeg,48
3616.jpeg,93
3617.jpeg,12
3618.jpeg,62
3619.jpeg,37
3620.jpeg,72
3621.jpeg,83
3622.jpeg,22
3623.jpeg,12
3624.jpeg,60
3625.jpeg,81
3626.jpeg,20
3627.jpeg,1
3628.jpeg,19
3629.jpeg,52
3630.jpeg,25
3631.jpeg,95
3632.jpeg,48
3633.jpeg,37
3634.jpeg,63
3635.jpeg,63
3636.jpeg,21
3637.jpeg,17
3638.jpeg,38
3639.jpeg,66
3640.jpeg,48
3641.jpeg,31
3642.jpeg,44
3643.jpeg,50
3644.jpeg,92
3645.jpeg,5
3646.jpeg,87
3647.jpeg,94
3648.jpeg,44
3649.jpeg,41
3650.jpeg,3
3651.jpeg,88
3652.jpeg,85
3653.jpeg,41
3654.jpeg,37
3655.jpeg,23
3656.jpeg,80
3657.jpeg,86
3658.jpeg,45
3659.jpeg,31
3660.jpeg,61
3661.jpeg,93
3662.jpeg,9
3663.jpeg,67
3664.jpeg,48
3665.jpeg,89
3666.jpeg,34
3667.jpeg,8
3668.jpeg,16
3669.jpeg,55
3670.jpeg,53
3671.jpeg,50
3672.jpeg,61
3673.jpeg,93
3674.jpeg,50
3675.jpeg,27
3676.jpeg,32
3677.jpeg,27
3678.jpeg,42
3679.jpeg,48
3680.jpeg,94
3681.jpeg,28
3682.jpeg,99
3683.jpeg,70
3684.jpeg,95
3685.jpeg,21
3686.jpeg,9
3687.jpeg,11
3688.jpeg,24
3689.jpeg,71
3690.jpeg,27
3691.jpeg,34
3692.jpeg,43
3693.jpeg,0
3694.jpeg,94
3695.jpeg,41
3696.jpeg,52
3697.jpeg,84
3698.jpeg,12
3699.jpeg,16
3700.jpeg,82
3701.jpeg,0
3702.jpeg,0
3703.jpeg,98
3704.jpeg,53
3705.jpeg,36
3706.jpeg,33
3707.jpeg,68
3708.jpeg,38
3709.jpeg,5
3710.jpeg,20
3711.jpeg,41
3712.jpeg,16
3713.jpeg,75
3714.jpeg,30
3715.jpeg,82
3716.jpeg,50
3717.jpeg,78
3718.jpeg,93
3719.jpeg,47
3720.jpeg,56
3721.jpeg,21
3722.jpeg,69
3723.jpeg,0
3724.jpeg,23
3725.jpeg,57
3726.jpeg,16
3727.jpeg,69
3728.jpeg,31
3729.jpeg,21
3730.jpeg,74
3731.jpeg,86
3732.jpeg,25
3733.jpeg,22
3734.jpeg,0
3735.jpeg,42
3736.jpeg,41
3737.jpeg,87
3738.jpeg,91
3739.jpeg,56
3740.jpeg,85
3741.jpeg,6
3742.jpeg,53
3743.jpeg,55
3744.jpeg,49
3745.jpeg,66
3746.jpeg,10
3747.jpeg,3
3748.jpeg,91
3749.jpeg,16
3750.jpeg,47
3751.jpeg,78
3752.jpeg,4
3753.jpeg,51
3754.jpeg,3
3755.jpeg,2
3756.jpeg,92
3757.jpeg,90
3758.jpeg,90
3759.jpeg,28
3760.jpeg,50
3761.jpeg,49
3762.jpeg,58
3763.jpeg,63
3764.jpeg,23
3765.jpeg,47
3766.jpeg,46
3767.jpeg,59
3768.jpeg,44
3769.jpeg,16
3770.jpeg,15
3771.jpeg,87
3772.jpeg,76
3773.jpeg,44
3774.jpeg,85
3775.jpeg,17
3776.jpeg,75
3777.jpeg,7
3778.jpeg,12
3779.jpeg,43
3780.jpeg,20
3781.jpeg,1
3782.jpeg,99
3783.jpeg,90
3784.jpeg,5
3785.jpeg,74
3786.jpeg,87
3787.jpeg,3
3788.jpeg,34
3789.jpeg,28
3790.jpeg,91
3791.jpeg,76
3792.jpeg,90
3793.jpeg,21
3794.jpeg,84
3795.jpeg,41
3796.jpeg,39
3797.jpeg,34
3798.jpeg,16
3799.jpeg,81
3800.jpeg,49
3801.jpeg,66
3802.jpeg,80
3803.jpeg,42
3804.jpeg,41
3805.jpeg,82
3806.jpeg,71
3807.jpeg,21
3808.jpeg,9
3809.jpeg,20
3810.jpeg,57
3811.jpeg,11
3812.jpeg,20
3813.jpeg,28
3814.jpeg,5
3815.jpeg,86
3816.jpeg,21
3817.jpeg,21
3818.jpeg,84
3819.jpeg,66
3820.jpeg,31
3821.jpeg,78
3822.jpeg,16
3823.jpeg,4
3824.jpeg,16
3825.jpeg,37
3826.jpeg,34
3827.jpeg,86
3828.jpeg,7
3829.jpeg,76
3830.jpeg,64
3831.jpeg,98
3832.jpeg,22
3833.jpeg,11
3834.jpeg,62
3835.jpeg,87
3836.jpeg,37
3837.jpeg,73
3838.jpeg,84
3839.jpeg,77
3840.jpeg,35
3841.jpeg,84
3842.jpeg,21
3843.jpeg,87
3844.jpeg,7
3845.jpeg,44
3846.jpeg,25
3847.jpeg,61
3848.jpeg,44
3849.jpeg,49
3850.jpeg,11
3851.jpeg,9
3852.jpeg,37
3853.jpeg,7
3854.jpeg,58
3855.jpeg,27
3856.jpeg,16
3857.jpeg,41
3858.jpeg,50
3859.jpeg,26
3860.jpeg,98
3861.jpeg,71
3862.jpeg,31
3863.jpeg,70
3864.jpeg,7
3865.jpeg,53
3866.jpeg,9
3867.jpeg,75
3868.jpeg,99
3869.jpeg,69
3870.jpeg,36
3871.jpeg,73
3872.jpeg,49
3873.jpeg,76
3874.jpeg,90
3875.jpeg,21
3876.jpeg,84
3877.jpeg,32
3878.jpeg,96
3879.jpeg,51
3880.jpeg,42
3881.jpeg,49
3882.jpeg,73
3883.jpeg,98
3884.jpeg,79
3885.jpeg,25
3886.jpeg,34
3887.jpeg,58
3888.jpeg,69
3889.jpeg,12
3890.jpeg,25
3891.jpeg,74
3892.jpeg,76
3893.jpeg,9
3894.jpeg,88
3895.jpeg,88
3896.jpeg,52
3897.jpeg,7
3898.jpeg,46
3899.jpeg,69
3900.jpeg,65
3901.jpeg,35
3902.jpeg,17
3903.jpeg,5
3904.jpeg,0
3905.jpeg,9
3906.jpeg,74
3907.jpeg,21
3908.jpeg,39
3909.jpeg,26
3910.jpeg,61
3911.jpeg,5
3912.jpeg,25
3913.jpeg,16
3914.jpeg,90
3915.jpeg,71
3916.jpeg,25
3917.jpeg,95
3918.jpeg,54
3919.jpeg,7
3920.jpeg,7
3921.jpeg,2
3922.jpeg,81
3923.jpeg,41
3924.jpeg,70
3925.jpeg,58
3926.jpeg,4
3927.jpeg,45
3928.jpeg,89
3929.jpeg,55
3930.jpeg,40
3931.jpeg,27
3932.jpeg,60
3933.jpeg,14
3934.jpeg,36
3935.jpeg,21
3936.jpeg,90
3937.jpeg,10
3938.jpeg,90
3939.jpeg,42
3940.jpeg,98
3941.jpeg,33
3942.jpeg,41
3943.jpeg,19
3944.jpeg,43
3945.jpeg,76
3946.jpeg,90
3947.jpeg,85
3948.jpeg,21
3949.jpeg,40
3950.jpeg,18
3951.jpeg,14
3952.jpeg,33
3953.jpeg,19
3954.jpeg,33
3955.jpeg,4
3956.jpeg,62
3957.jpeg,65
3958.jpeg,18
3959.jpeg,32
3960.jpeg,58
3961.jpeg,47
3962.jpeg,29
3963.jpeg,41
3964.jpeg,35
3965.jpeg,47
3966.jpeg,33
3967.jpeg,52
3968.jpeg,23
3969.jpeg,40
3970.jpeg,31
3971.jpeg,21
3972.jpeg,42
3973.jpeg,40
3974.jpeg,58
3975.jpeg,9
3976.jpeg,67
3977.jpeg,60
3978.jpeg,33
3979.jpeg,16
3980.jpeg,20
3981.jpeg,80
3982.jpeg,64
3983.jpeg,20
3984.jpeg,70
3985.jpeg,54
3986.jpeg,66
3987.jpeg,21
3988.jpeg,97
3989.jpeg,69
3990.jpeg,97
3991.jpeg,25
3992.jpeg,58
3993.jpeg,93
3994.jpeg,45
3995.jpeg,90
3996.jpeg,3
3997.jpeg,51
3998.jpeg,81
3999.jpeg,22
4000.jpeg,17
4001.jpeg,7
4002.jpeg,18
4003.jpeg,40
4004.jpeg,85
4005.jpeg,72
4006.jpeg,85
4007.jpeg,84
4008.jpeg,13
4009.jpeg,34
4010.jpeg,4
4011.jpeg,74
4012.jpeg,74
4013.jpeg,86
4014.jpeg,7
4015.jpeg,1
4016.jpeg,72
4017.jpeg,92
4018.jpeg,58
4019.jpeg,97
4020.jpeg,43
4021.jpeg,9
4022.jpeg,83
4023.jpeg,25
4024.jpeg,64
4025.jpeg,3
4026.jpeg,14
4027.jpeg,41
4028.jpeg,33
4029.jpeg,66
4030.jpeg,45
4031.jpeg,26
4032.jpeg,41
4033.jpeg,17
4034.jpeg,34
4035.jpeg,69
4036.jpeg,27
4037.jpeg,31
4038.jpeg,2
4039.jpeg,23
4040.jpeg,4
4041.jpeg,98
4042.jpeg,90
4043.jpeg,98
4044.jpeg,95
4045.jpeg,41
4046.jpeg,41
4047.jpeg,11
4048.jpeg,98
4049.jpeg,32
4050.jpeg,42
4051.jpeg,46
4052.jpeg,41
4053.jpeg,19
4054.jpeg,94
4055.jpeg,36
4056.jpeg,77
4057.jpeg,36
4058.jpeg,36
4059.jpeg,59
4060.jpeg,23
4061.jpeg,0
4062.jpeg,93
4063.jpeg,38
4064.jpeg,32
4065.jpeg,29
4066.jpeg,71
4067.jpeg,77
4068.jpeg,35
4069.jpeg,49
4070.jpeg,13
4071.jpeg,86
4072.jpeg,89
4073.jpeg,31
4074.jpeg,58
4075.jpeg,91
4076.jpeg,42
4077.jpeg,45
4078.jpeg,49
4079.jpeg,51
4080.jpeg,90
4081.jpeg,47
4082.jpeg,87
4083.jpeg,59
4084.jpeg,69
4085.jpeg,3
4086.jpeg,36
4087.jpeg,69
4088.jpeg,35
4089.jpeg,7
4090.jpeg,62
4091.jpeg,24
4092.jpeg,72
4093.jpeg,82
4094.jpeg,22
4095.jpeg,51
4096.jpeg,59
4097.jpeg,7
4098.jpeg,43
4099.jpeg,55
4100.jpeg,48
4101.jpeg,94
4102.jpeg,35
4103.jpeg,73
4104.jpeg,85
4105.jpeg,27
4106.jpeg,90
4107.jpeg,5
4108.jpeg,10
4109.jpeg,64
4110.jpeg,51
4111.jpeg,50
4112.jpeg,82
4113.jpeg,28
4114.jpeg,98
4115.jpeg,16
4116.jpeg,69
4117.jpeg,64
4118.jpeg,90
4119.jpeg,92
4120.jpeg,37
4121.jpeg,84
4122.jpeg,0
4123.jpeg,35
4124.jpeg,52
4125.jpeg,6
4126.jpeg,76
4127.jpeg,53
4128.jpeg,21
4129.jpeg,27
4130.jpeg,7
4131.jpeg,48
4132.jpeg,30
4133.jpeg,79
4134.jpeg,23
4135.jpeg,5
4136.jpeg,64
4137.jpeg,4
4138.jpeg,32
4139.jpeg,69
4140.jpeg,52
4141.jpeg,11
4142.jpeg,90
4143.jpeg,41
4144.jpeg,71
4145.jpeg,62
4146.jpeg,56
4147.jpeg,64
4148.jpeg,81
4149.jpeg,20
4150.jpeg,86
4151.jpeg,49
4152.jpeg,70
4153.jpeg,18
4154.jpeg,58
4155.jpeg,49
4156.jpeg,72
4157.jpeg,83
4158.jpeg,10
4159.jpeg,25
4160.jpeg,80
4161.jpeg,90
4162.jpeg,90
4163.jpeg,21
4164.jpeg,1
4165.jpeg,54
4166.jpeg,72
4167.jpeg,28
4168.jpeg,35
4169.jpeg,50
4170.jpeg,87
4171.jpeg,42
4172.jpeg,4
4173.jpeg,33
4174.jpeg,45
4175.jpeg,50
4176.jpeg,35
4177.jpeg,4
4178.jpeg,28
4179.jpeg,90
4180.jpeg,51
4181.jpeg,34
4182.jpeg,86
4183.jpeg,2
4184.jpeg,37
4185.jpeg,26
4186.jpeg,16
4187.jpeg,59
4188.jpeg,23
4189.jpeg,16
4190.jpeg,61
4191.jpeg,69
4192.jpeg,7
4193.jpeg,40
4194.jpeg,32
4195.jpeg,84
4196.jpeg,22
4197.jpeg,61
4198.jpeg,95
4199.jpeg,15
4200.jpeg,76
4201.jpeg,57
4202.jpeg,60
4203.jpeg,34
4204.jpeg,63
4205.jpeg,36
4206.jpeg,18
4207.jpeg,71
4208.jpeg,37
4209.jpeg,29
4210.jpeg,9
4211.jpeg,56
4212.jpeg,52
4213.jpeg,0
4214.jpeg,35
4215.jpeg,32
4216.jpeg,45
4217.jpeg,13
4218.jpeg,48
4219.jpeg,88
4220.jpeg,34
4221.jpeg,66
4222.jpeg,12
4223.jpeg,21
4224.jpeg,82
4225.jpeg,96
4226.jpeg,62
4227.jpeg,60
4228.jpeg,65
4229.jpeg,84
4230.jpeg,55
4231.jpeg,80
4232.jpeg,92
4233.jpeg,71
4234.jpeg,14
4235.jpeg,17
4236.jpeg,84
4237.jpeg,9
4238.jpeg,82
4239.jpeg,68
4240.jpeg,54
4241.jpeg,35
4242.jpeg,3
4243.jpeg,98
4244.jpeg,48
4245.jpeg,92
4246.jpeg,46
4247.jpeg,90
4248.jpeg,40
4249.jpeg,58
4250.jpeg,97
4251.jpeg,48
4252.jpeg,65
4253.jpeg,77
4254.jpeg,3
4255.jpeg,74
4256.jpeg,41
4257.jpeg,21
4258.jpeg,87
4259.jpeg,17
4260.jpeg,28
4261.jpeg,53
4262.jpeg,98
4263.jpeg,84
4264.jpeg,70
4265.jpeg,35
4266.jpeg,20
4267.jpeg,90
4268.jpeg,46
4269.jpeg,83
4270.jpeg,90
4271.jpeg,25
4272.jpeg,33
4273.jpeg,13
4274.jpeg,45
4275.jpeg,62
4276.jpeg,47
4277.jpeg,9
4278.jpeg,12
4279.jpeg,64
4280.jpeg,62
4281.jpeg,30
4282.jpeg,81
4283.jpeg,30
4284.jpeg,87
4285.jpeg,26
4286.jpeg,58
4287.jpeg,61
4288.jpeg,12
4289.jpeg,18
4290.jpeg,52
4291.jpeg,47
4292.jpeg,72
4293.jpeg,45
4294.jpeg,41
4295.jpeg,1
4296.jpeg,43
4297.jpeg,69
4298.jpeg,50
4299.jpeg,48
4300.jpeg,69
4301.jpeg,16
4302.jpeg,37
4303.jpeg,49
4304.jpeg,42
4305.jpeg,8
4306.jpeg,18
4307.jpeg,81
4308.jpeg,67
4309.jpeg,47
4310.jpeg,49
4311.jpeg,91
4312.jpeg,40
4313.jpeg,19
4314.jpeg,90
4315.jpeg,77
4316.jpeg,33
4317.jpeg,32
4318.jpeg,99
4319.jpeg,6
4320.jpeg,34
4321.jpeg,3
4322.jpeg,41
4323.jpeg,41
4324.jpeg,46
4325.jpeg,59
4326.jpeg,19
4327.jpeg,90
4328.jpeg,77
4329.jpeg,58
4330.jpeg,44
4331.jpeg,77
4332.jpeg,5
4333.jpeg,85
4334.jpeg,49
4335.jpeg,46
4336.jpeg,40
4337.jpeg,41
4338.jpeg,12
4339.jpeg,98
4340.jpeg,11
4341.jpeg,92
4342.jpeg,44
4343.jpeg,68
4344.jpeg,84
4345.jpeg,60
4346.jpeg,12
4347.jpeg,81
4348.jpeg,37
4349.jpeg,27
4350.jpeg,90
4351.jpeg,77
4352.jpeg,33
4353.jpeg,55
4354.jpeg,34
4355.jpeg,28
4356.jpeg,58
4357.jpeg,4
4358.jpeg,53
4359.jpeg,71
4360.jpeg,85
4361.jpeg,1
4362.jpeg,97
4363.jpeg,23
4364.jpeg,98
4365.jpeg,77
4366.jpeg,48
4367.jpeg,45
4368.jpeg,5
4369.jpeg,32
4370.jpeg,99
4371.jpeg,24
4372.jpeg,91
4373.jpeg,98
4374.jpeg,77
4375.jpeg,70
4376.jpeg,57
4377.jpeg,17
4378.jpeg,82
4379.jpeg,25
4380.jpeg,17
4381.jpeg,23
4382.jpeg,16
4383.jpeg,41
4384.jpeg,31
4385.jpeg,71
4386.jpeg,86
4387.jpeg,50
4388.jpeg,45
4389.jpeg,92
4390.jpeg,37
4391.jpeg,18
4392.jpeg,19
4393.jpeg,54
4394.jpeg,31
4395.jpeg,43
4396.jpeg,84
4397.jpeg,47
4398.jpeg,15
4399.jpeg,94
4400.jpeg,80
4401.jpeg,50
4402.jpeg,87
4403.jpeg,10
4404.jpeg,77
4405.jpeg,2
4406.jpeg,23
4407.jpeg,66
4408.jpeg,82
4409.jpeg,0
4410.jpeg,75
4411.jpeg,88
4412.jpeg,41
4413.jpeg,31
4414.jpeg,83
4415.jpeg,17
4416.jpeg,63
4417.jpeg,47
4418.jpeg,32
4419.jpeg,51
4420.jpeg,16
4421.jpeg,81
4422.jpeg,81
4423.jpeg,46
4424.jpeg,65
4425.jpeg,40
4426.jpeg,28
4427.jpeg,31
4428.jpeg,67
4429.jpeg,95
4430.jpeg,7
4431.jpeg,51
4432.jpeg,52
4433.jpeg,76
4434.jpeg,41
4435.jpeg,6
4436.jpeg,92
4437.jpeg,64
4438.jpeg,20
4439.jpeg,8
4440.jpeg,52
4441.jpeg,93
4442.jpeg,69
4443.jpeg,18
4444.jpeg,58
4445.jpeg,34
4446.jpeg,62
4447.jpeg,62
4448.jpeg,61
4449.jpeg,57
4450.jpeg,52
4451.jpeg,98
4452.jpeg,48
4453.jpeg,14
4454.jpeg,0
4455.jpeg,48
4456.jpeg,66
4457.jpeg,76
4458.jpeg,92
4459.jpeg,69
4460.jpeg,76
4461.jpeg,42
4462.jpeg,35
4463.jpeg,30
4464.jpeg,55
4465.jpeg,89
4466.jpeg,84
4467.jpeg,47
4468.jpeg,74
4469.jpeg,38
4470.jpeg,57
4471.jpeg,95
4472.jpeg,41
4473.jpeg,93
4474.jpeg,17
4475.jpeg,25
4476.jpeg,12
4477.jpeg,12
4478.jpeg,59
4479.jpeg,98
4480.jpeg,42
4481.jpeg,33
4482.jpeg,91
4483.jpeg,57
4484.jpeg,80
4485.jpeg,68
4486.jpeg,7
4487.jpeg,35
4488.jpeg,74
4489.jpeg,90
4490.jpeg,69
4491.jpeg,98
4492.jpeg,23
4493.jpeg,57
4494.jpeg,3
4495.jpeg,81
4496.jpeg,61
4497.jpeg,97
4498.jpeg,45
4499.jpeg,23
4500.jpeg,79
4501.jpeg,93
4502.jpeg,78
4503.jpeg,56
4504.jpeg,46
4505.jpeg,90
4506.jpeg,67
4507.jpeg,23
4508.jpeg,71
4509.jpeg,50
4510.jpeg,9
4511.jpeg,33
4512.jpeg,44
4513.jpeg,92
4514.jpeg,32
4515.jpeg,23
4516.jpeg,86
4517.jpeg,72
4518.jpeg,20
4519.jpeg,73
4520.jpeg,42
4521.jpeg,83
4522.jpeg,15
4523.jpeg,0
4524.jpeg,48
4525.jpeg,42
4526.jpeg,70
4527.jpeg,12
4528.jpeg,93
4529.jpeg,49
4530.jpeg,86
4531.jpeg,85
4532.jpeg,90
4533.jpeg,5
4534.jpeg,65
4535.jpeg,55
4536.jpeg,10
4537.jpeg,18
4538.jpeg,65
4539.jpeg,42
4540.jpeg,1
4541.jpeg,57
4542.jpeg,46
4543.jpeg,49
4544.jpeg,81
4545.jpeg,71
4546.jpeg,41
4547.jpeg,98
4548.jpeg,27
4549.jpeg,57
4550.jpeg,49
4551.jpeg,6
4552.jpeg,34
4553.jpeg,62
4554.jpeg,86
4555.jpeg,66
4556.jpeg,6
4557.jpeg,23
4558.jpeg,82
4559.jpeg,85
4560.jpeg,92
4561.jpeg,52
4562.jpeg,21
4563.jpeg,50
4564.jpeg,76
4565.jpeg,98
4566.jpeg,3
4567.jpeg,83
4568.jpeg,68
4569.jpeg,20
4570.jpeg,70
4571.jpeg,46
4572.jpeg,84
4573.jpeg,30
4574.jpeg,54
4575.jpeg,32
4576.jpeg,86
4577.jpeg,78
4578.jpeg,6
4579.jpeg,40
4580.jpeg,95
4581.jpeg,26
4582.jpeg,73
4583.jpeg,0
4584.jpeg,53
4585.jpeg,86
4586.jpeg,68
4587.jpeg,25
4588.jpeg,34
4589.jpeg,21
4590.jpeg,66
4591.jpeg,19
4592.jpeg,93
4593.jpeg,36
4594.jpeg,33
4595.jpeg,13
4596.jpeg,16
4597.jpeg,64
4598.jpeg,6
4599.jpeg,19
4600.jpeg,4
4601.jpeg,21
4602.jpeg,95
4603.jpeg,9
4604.jpeg,76
4605.jpeg,48
4606.jpeg,61
4607.jpeg,92
4608.jpeg,49
4609.jpeg,91
4610.jpeg,71
4611.jpeg,47
4612.jpeg,47
4613.jpeg,49
4614.jpeg,91
4615.jpeg,17
4616.jpeg,48
4617.jpeg,41
4618.jpeg,59
4619.jpeg,21
4620.jpeg,33
4621.jpeg,51
4622.jpeg,22
4623.jpeg,46
4624.jpeg,28
4625.jpeg,47
4626.jpeg,71
4627.jpeg,32
4628.jpeg,56
4629.jpeg,5
4630.jpeg,11
4631.jpeg,95
4632.jpeg,59
4633.jpeg,68
4634.jpeg,75
4635.jpeg,55
4636.jpeg,48
4637.jpeg,58
4638.jpeg,63
4639.jpeg,21
4640.jpeg,97
4641.jpeg,52
4642.jpeg,28
4643.jpeg,59
4644.jpeg,18
4645.jpeg,47
4646.jpeg,8
4647.jpeg,98
4648.jpeg,46
4649.jpeg,41
4650.jpeg,92
4651.jpeg,91
4652.jpeg,43
4653.jpeg,86
4654.jpeg,22
4655.jpeg,33
4656.jpeg,80
4657.jpeg,9
4658.jpeg,25
4659.jpeg,66
4660.jpeg,81
4661.jpeg,57
4662.jpeg,90
4663.jpeg,69
4664.jpeg,3
4665.jpeg,61
4666.jpeg,39
4667.jpeg,48
4668.jpeg,15
4669.jpeg,14
4670.jpeg,70
4671.jpeg,98
4672.jpeg,37
4673.jpeg,81
4674.jpeg,64
4675.jpeg,23
4676.jpeg,87
4677.jpeg,42
4678.jpeg,46
4679.jpeg,26
4680.jpeg,51
4681.jpeg,74
4682.jpeg,36
4683.jpeg,80
4684.jpeg,42
4685.jpeg,35
4686.jpeg,48
4687.jpeg,27
4688.jpeg,98
4689.jpeg,7
4690.jpeg,65
4691.jpeg,62
4692.jpeg,53
4693.jpeg,41
4694.jpeg,70
4695.jpeg,21
4696.jpeg,69
4697.jpeg,80
4698.jpeg,57
4699.jpeg,90
4700.jpeg,0
4701.jpeg,21
4702.jpeg,21
4703.jpeg,22
4704.jpeg,3
4705.jpeg,47
4706.jpeg,87
4707.jpeg,97
4708.jpeg,25
4709.jpeg,6
4710.jpeg,43
4711.jpeg,61
4712.jpeg,80
4713.jpeg,11
4714.jpeg,28
4715.jpeg,29
4716.jpeg,44
4717.jpeg,0
4718.jpeg,36
4719.jpeg,33
4720.jpeg,77
4721.jpeg,19
4722.jpeg,35
4723.jpeg,55
4724.jpeg,6
4725.jpeg,55
4726.jpeg,60
4727.jpeg,62
4728.jpeg,56
4729.jpeg,21
4730.jpeg,43
4731.jpeg,99
4732.jpeg,84
4733.jpeg,71
4734.jpeg,22
4735.jpeg,85
4736.jpeg,76
4737.jpeg,74
4738.jpeg,81
4739.jpeg,7
4740.jpeg,32
4741.jpeg,91
4742.jpeg,36
4743.jpeg,30
4744.jpeg,33
4745.jpeg,86
4746.jpeg,51
4747.jpeg,47
4748.jpeg,62
4749.jpeg,33
4750.jpeg,5
4751.jpeg,78
4752.jpeg,88
4753.jpeg,12
4754.jpeg,32
4755.jpeg,69
4756.jpeg,33
4757.jpeg,56
4758.jpeg,80
4759.jpeg,47
4760.jpeg,72
4761.jpeg,3
4762.jpeg,5
4763.jpeg,38
4764.jpeg,74
4765.jpeg,82
4766.jpeg,71
4767.jpeg,3
4768.jpeg,41
4769.jpeg,1
4770.jpeg,29
4771.jpeg,22
4772.jpeg,88
4773.jpeg,9
4774.jpeg,12
4775.jpeg,90
4776.jpeg,80
4777.jpeg,62
4778.jpeg,0
4779.jpeg,18
4780.jpeg,23
4781.jpeg,33
4782.jpeg,19
4783.jpeg,37
4784.jpeg,92
4785.jpeg,52
4786.jpeg,82
4787.jpeg,21
4788.jpeg,35
4789.jpeg,44
4790.jpeg,43
4791.jpeg,5
4792.jpeg,1
4793.jpeg,23
4794.jpeg,98
4795.jpeg,48
4796.jpeg,64
4797.jpeg,46
4798.jpeg,88
4799.jpeg,82
4800.jpeg,81
4801.jpeg,32
4802.jpeg,31
4803.jpeg,99
4804.jpeg,94
4805.jpeg,14
4806.jpeg,89
4807.jpeg,53
4808.jpeg,18
4809.jpeg,20
4810.jpeg,64
4811.jpeg,17
4812.jpeg,83
4813.jpeg,91
4814.jpeg,33
4815.jpeg,51
4816.jpeg,8
4817.jpeg,77
4818.jpeg,3
4819.jpeg,98
4820.jpeg,0
4821.jpeg,70
4822.jpeg,48
4823.jpeg,87
4824.jpeg,36
4825.jpeg,57
4826.jpeg,27
4827.jpeg,76
4828.jpeg,41
4829.jpeg,90
4830.jpeg,57
4831.jpeg,10
4832.jpeg,75
4833.jpeg,32
4834.jpeg,9
4835.jpeg,61
4836.jpeg,23
4837.jpeg,72
4838.jpeg,24
4839.jpeg,42
4840.jpeg,99
4841.jpeg,92
4842.jpeg,21
4843.jpeg,91
4844.jpeg,0
4845.jpeg,36
4846.jpeg,16
4847.jpeg,69
4848.jpeg,46
4849.jpeg,78
4850.jpeg,71
4851.jpeg,1
4852.jpeg,21
4853.jpeg,6
4854.jpeg,23
4855.jpeg,53
4856.jpeg,61
4857.jpeg,80
4858.jpeg,81
4859.jpeg,48
4860.jpeg,45
4861.jpeg,77
4862.jpeg,11
4863.jpeg,52
4864.jpeg,21
4865.jpeg,74
4866.jpeg,77
4867.jpeg,31
4868.jpeg,75
4869.jpeg,67
4870.jpeg,56
4871.jpeg,84
4872.jpeg,14
4873.jpeg,83
4874.jpeg,31
4875.jpeg,77
4876.jpeg,27
4877.jpeg,44
4878.jpeg,27
4879.jpeg,19
4880.jpeg,71
4881.jpeg,29
4882.jpeg,19
4883.jpeg,52
4884.jpeg,88
4885.jpeg,58
4886.jpeg,57
4887.jpeg,41
4888.jpeg,45
4889.jpeg,18
4890.jpeg,93
4891.jpeg,23
4892.jpeg,29
4893.jpeg,42
4894.jpeg,62
4895.jpeg,41
4896.jpeg,58
4897.jpeg,2
4898.jpeg,27
4899.jpeg,98
4900.jpeg,79
4901.jpeg,64
4902.jpeg,16
4903.jpeg,34
4904.jpeg,69
4905.jpeg,47
4906.jpeg,47
4907.jpeg,47
4908.jpeg,25
4909.jpeg,41
4910.jpeg,32
4911.jpeg,73
4912.jpeg,6
4913.jpeg,88
4914.jpeg,83
4915.jpeg,98
4916.jpeg,85
4917.jpeg,11
4918.jpeg,17
4919.jpeg,86
4920.jpeg,32
4921.jpeg,7
4922.jpeg,17
4923.jpeg,0
4924.jpeg,57
4925.jpeg,20
4926.jpeg,41
4927.jpeg,6
4928.jpeg,33
4929.jpeg,29
4930.jpeg,43
4931.jpeg,33
4932.jpeg,9
4933.jpeg,10
4934.jpeg,8
4935.jpeg,8
4936.jpeg,40
4937.jpeg,34
4938.jpeg,81
4939.jpeg,97
4940.jpeg,82
4941.jpeg,20
4942.jpeg,9
4943.jpeg,41
4944.jpeg,35
4945.jpeg,51
4946.jpeg,66
4947.jpeg,64
4948.jpeg,48
4949.jpeg,60
4950.jpeg,58
4951.jpeg,32
4952.jpeg,23
4953.jpeg,81
4954.jpeg,10
4955.jpeg,75
4956.jpeg,58
4957.jpeg,41
4958.jpeg,69
4959.jpeg,34
4960.jpeg,69
4961.jpeg,93
4962.jpeg,78
4963.jpeg,29
4964.jpeg,8
4965.jpeg,35
4966.jpeg,6
4967.jpeg,97
4968.jpeg,82
4969.jpeg,79
4970.jpeg,84
4971.jpeg,88
4972.jpeg,34
4973.jpeg,61
4974.jpeg,57
4975.jpeg,69
4976.jpeg,98
4977.jpeg,98
4978.jpeg,43
4979.jpeg,71
4980.jpeg,82
4981.jpeg,1
4982.jpeg,85
4983.jpeg,79
4984.jpeg,64
4985.jpeg,87
4986.jpeg,22
4987.jpeg,0
4988.jpeg,41
4989.jpeg,43
4990.jpeg,26
4991.jpeg,51
4992.jpeg,8
4993.jpeg,65
4994.jpeg,52
4995.jpeg,34
4996.jpeg,73
4997.jpeg,6
4998.jpeg,60
4999.jpeg,98
